employee_id,salary,effective_date
36,66002.63001,16-Jul-10
1206,81807.8168,24-Apr-05
682,42210.71331,16-Oct-02
1098,100068.6132,10-Jun-00
360,97527.05531,15-Aug-08
1275,102762.4155,15-Aug-13
134,70197.88495,25-Jul-02
3322,118254.0228,02-Dec-10
408,104403.4307,18-Jul-02
3225,47464.19239,02-Mar-12
1382,60288.77411,11-Jul-02
2770,93533.26126,22-Dec-13
730,92573.53514,06-Mar-16
467,102140.5366,21-Oct-16
605,55558.50715,30-Dec-07
3121,96681.03866,04-Nov-08
2023,87806.83562,22-Mar-08
2924,119166.4808,28-Nov-04
2707,103989.0366,03-Jul-19
3337,91348.22342,30-May-02
311,73773.08358,09-Jun-19
420,104857.1365,23-Sep-08
3087,48475.903,26-Jun-14
3247,73413.09148,30-Apr-12
1759,43440.23834,02-Sep-15
2759,60710.8481,16-Oct-08
3188,103079.8708,20-Jun-06
3361,63560.00105,26-Jun-13
777,51916.06635,15-Aug-18
3272,67844.95913,08-May-11
1869,101871.3214,27-Aug-09
1551,62050.9668,04-Oct-12
1788,47055.39476,28-Apr-01
3312,55439.97817,25-Dec-16
3489,102563.955,10-Dec-20
2056,78217.40743,07-Feb-15
1882,82593.77981,29-Dec-20
3493,111361.5634,22-May-06
505,54639.70511,12-Feb-10
569,111658.3103,18-Nov-17
1323,53928.71365,14-Mar-01
3360,76791.80069,21-Jan-09
749,90164.30873,24-Jul-05
2394,67500.9574,26-Oct-13
1026,73945.1016,16-Nov-16
26,85248.3582,28-Oct-09
2463,98470.12839,28-Mar-20
725,112756.7699,21-Jun-10
1928,64451.42801,28-Oct-11
1368,75909.60065,10-Mar-07
990,50712.83605,31-Mar-11
1506,66585.18658,11-May-17
2653,92166.29218,11-Oct-07
3279,60451.8817,10-Sep-17
1587,110476.6158,05-Oct-05
2144,63497.35887,02-Aug-09
1624,97575.89503,08-Jun-12
1017,58324.67545,30-Nov-01
1365,112965.9835,12-Jul-09
2830,118829.1331,15-Sep-06
3277,42607.66025,01-Aug-13
1189,115988.2742,09-Oct-09
2335,115392.5678,16-Jul-12
1079,64883.06484,20-Sep-09
1327,109085.0043,04-Nov-15
1170,70947.17746,03-Feb-19
2703,41015.6295,27-Oct-04
1530,76097.95036,30-Oct-07
1520,76363.49399,04-Jun-14
1082,115927.3201,28-Oct-12
2032,56392.65493,10-Apr-18
39,73296.26768,21-Jul-05
1540,117953.792,31-May-20
566,103638.0113,24-Sep-08
3076,57265.70658,01-Aug-19
936,98768.72237,07-Dec-10
1031,77770.49873,22-Jun-17
1432,48369.43569,09-Apr-17
2681,49898.19806,04-Jul-17
3259,70403.61962,04-Sep-10
2747,87476.49297,12-Apr-12
1932,58827.83891,24-Sep-03
409,78001.68245,25-Jul-15
85,43466.27432,20-Feb-05
2622,102775.864,30-Apr-07
3288,57442.15159,01-Dec-15
10,108292.8541,08-Jan-04
1571,62288.6009,05-Apr-20
3421,113561.94,29-Mar-12
906,44573.46536,13-Feb-05
1552,104595.8993,08-Feb-17
2356,41784.63311,04-Mar-01
1631,99128.65708,27-Sep-13
1324,45821.43784,17-Apr-12
3251,94889.30555,03-Oct-12
2943,42362.69363,07-Nov-15
3285,56053.00274,25-Jun-11
2839,101096.953,24-Apr-02
1005,48730.87775,10-Jul-08
996,80033.94563,29-Jun-20
2595,72822.78627,25-Oct-04
2193,100068.1103,30-Oct-10
2670,87837.57039,28-Jul-04
3068,93376.46655,02-Nov-13
604,60520.92784,27-Jan-18
3103,53013.8235,30-May-05
2568,80031.67525,24-Jan-19
1071,73111.39214,05-Oct-18
1857,100822.6301,16-Aug-02
2655,66025.53635,17-Jul-16
427,55705.69954,11-Dec-02
3484,118741.6137,29-Jan-18
2921,101964.4981,17-May-17
2954,63627.16293,12-Mar-00
198,83808.56602,16-Mar-04
1043,106347.1693,04-Apr-01
2729,106608.7787,01-Aug-04
2975,46744.2948,21-Mar-13
2476,91888.9622,02-Sep-11
1337,104173.6548,15-Aug-01
1157,104385.5324,20-Jan-13
1435,55746.00903,21-Jun-03
1909,100533.8591,28-Jul-16
1669,70791.64636,09-Nov-08
101,40536.52647,29-Sep-02
3155,107109.9977,23-Apr-13
3141,116266.6611,23-Jul-18
502,50516.96536,19-Apr-12
1112,110855.0292,16-May-15
832,75316.17759,07-Nov-17
2514,65301.90431,17-Mar-15
391,116703.6415,17-Feb-02
309,110867.4079,10-Aug-15
3307,75841.78271,07-Mar-09
1997,42792.33568,07-Mar-02
449,118333.0199,24-Sep-06
3355,57988.64118,01-Apr-19
421,77432.42111,16-Mar-02
2317,117719.6785,17-Oct-18
1822,59996.04073,27-Jul-08
1153,87622.58378,01-Nov-14
2685,55001.7632,31-Mar-16
2047,86216.13351,14-May-03
3288,90865.15932,04-Jun-08
1509,83964.94421,29-Oct-03
1497,45839.93279,03-Aug-04
2093,68702.78244,02-Sep-10
2014,95276.94326,22-Feb-16
1453,74639.25002,07-May-04
3315,108626.2718,07-Mar-00
299,84934.85034,10-Aug-10
1652,81812.20226,12-Aug-01
1639,70264.57724,26-May-08
1539,70363.9638,23-Feb-00
532,114035.8864,28-Apr-20
3293,80728.14549,21-Apr-17
3102,104521.0473,30-Sep-08
1005,55900.74106,15-Apr-02
301,108635.851,01-Jun-17
3397,62476.9901,05-Aug-14
1409,71433.19326,05-Nov-07
2826,48071.82669,21-Jun-03
574,100286.4155,07-Nov-16
2158,93308.20947,25-Dec-11
434,79818.9183,20-Sep-12
2666,117177.7992,09-Jul-06
674,47014.95917,11-Mar-03
2649,105248.4986,08-Jul-20
3436,40216.3855,07-Mar-19
476,95059.43042,07-Feb-02
1852,113549.7557,15-Nov-02
1559,84704.15798,28-Feb-18
2883,112617.3966,21-Jun-14
1197,61087.32038,05-Jan-03
3206,78020.6239,11-Jan-06
81,62708.28578,23-Dec-10
1679,95727.74943,28-Nov-04
1754,43893.64461,10-Jun-20
1252,104631.3232,12-Jun-03
1321,74779.30597,05-Aug-06
2935,84338.74324,17-Dec-17
1029,55547.37168,19-Sep-14
2265,103364.4021,13-Apr-06
2699,109218.1407,03-Apr-10
519,59068.02845,19-Apr-05
1783,103403.3727,17-Nov-01
2528,114850.5308,08-Dec-20
1687,88931.58027,29-Dec-20
1645,70538.56881,22-May-11
3444,108801.9589,04-Mar-01
2586,40073.72213,14-Nov-16
1907,75380.35096,21-Jun-14
2908,117527.4296,05-Nov-17
1918,101693.2345,20-Dec-17
1024,82837.39814,06-May-15
95,49016.9134,13-Oct-15
2943,94738.4615,03-May-07
818,109519.7252,19-Oct-18
3341,118101.4527,11-May-17
2522,71256.93547,01-Jun-13
2997,98284.1546,07-Jul-08
3319,53759.31868,21-Mar-12
1401,95239.14815,10-Sep-15
2741,60828.61508,03-Nov-01
639,109061.7119,11-Aug-20
1788,40816.20608,21-Oct-14
2577,66812.77374,23-Oct-15
3375,85535.29379,04-May-00
3026,86651.55642,16-Sep-11
807,51368.44267,19-Jan-10
2579,114026.4493,16-Mar-13
1229,50123.90987,01-Apr-00
1247,117963.5729,24-Oct-06
527,117954.642,27-Nov-19
2847,81734.98765,09-Jun-14
3106,61154.96955,23-Apr-15
1445,94243.98784,26-Jun-03
174,59324.59659,29-Apr-11
289,86312.82331,04-Jul-03
44,116653.6101,16-Jan-10
256,115344.4355,27-Jul-07
277,50289.42896,17-Nov-03
1552,76372.81473,20-Nov-01
1107,108112.548,14-Mar-18
857,103821.0859,18-Aug-17
1576,106471.4258,04-Dec-11
2440,45630.42548,27-May-18
1738,47485.13653,26-Sep-09
1378,82942.19997,20-Jan-04
1584,79677.60983,01-Jul-19
2932,40214.40433,20-Dec-00
2875,49353.46602,20-Mar-11
1173,78899.51586,27-Mar-05
2617,67047.14018,17-Sep-03
1485,111754.4027,18-Oct-15
3227,43872.5356,01-Sep-17
349,107247.2035,24-Dec-06
1833,78674.46372,20-Jan-19
1859,56816.10239,15-Jun-14
2965,119879.4167,02-Jul-01
335,70971.47939,13-Mar-16
2231,110487.873,01-Mar-18
1239,41236.1955,09-Jan-07
2756,61292.10689,18-Jun-07
1540,65851.63266,13-Jul-00
2362,87291.82419,23-Sep-04
2576,112997.9464,12-Feb-00
854,46358.22308,27-Oct-00
2269,115882.2862,19-Nov-03
3135,46570.75051,26-Jun-13
889,50798.88643,01-Jan-13
3166,112569.7412,03-Oct-03
726,60930.76973,09-May-02
2854,78325.54855,05-Oct-09
2810,92817.58245,20-Aug-01
2624,40157.75032,06-Dec-05
633,113115.0441,30-Aug-16
1413,64657.13451,29-Jul-12
3222,95370.70117,11-Nov-11
876,55160.59261,14-May-10
2286,72254.71923,12-Jul-19
3282,105015.069,24-Feb-03
2023,93121.95307,03-Jul-09
633,103656.044,15-Mar-11
25,50678.05435,05-Mar-00
1244,77370.94527,16-May-01
1624,93058.84967,04-May-18
2080,108104.4333,03-May-04
26,86685.19951,04-Jan-09
2006,59525.69851,30-Aug-19
2141,60999.77083,16-Jun-16
1380,81015.416,22-Jan-04
189,100135.3524,03-Jul-09
2557,67346.02318,28-Apr-00
2406,99954.96687,13-Mar-05
248,95801.8928,12-May-19
2720,54191.12442,19-Mar-17
448,48202.91509,04-Aug-15
3213,91749.03477,03-May-05
2681,112477.4407,23-Aug-01
1062,59437.98997,22-Apr-05
52,66501.15771,03-Jun-03
1926,52777.16581,10-Apr-04
2479,74283.68802,14-Apr-16
1442,53865.70706,09-Dec-12
22,101998.9258,06-Mar-06
967,100605.6048,21-Jun-10
1263,82968.25821,05-Oct-12
2040,57728.31183,15-Jun-19
618,103868.2339,08-Sep-13
1723,86184.7937,17-Sep-16
728,108458.3395,09-Jun-05
3247,42777.78734,31-Jul-01
1159,55853.13543,08-Jun-13
223,45194.98035,11-May-17
1731,42164.40419,15-Dec-04
3445,115352.1259,28-Feb-09
588,103162.9655,24-Dec-07
1679,89102.73148,25-Sep-01
133,48199.1502,21-Dec-03
1954,59151.16714,12-Aug-03
3351,113282.5223,16-Jan-01
489,49220.76575,21-Nov-20
1100,96843.75645,04-May-10
3455,74579.12368,06-Jan-12
1511,51575.43402,27-Jun-13
467,78664.5426,21-Mar-12
2264,66771.64847,21-Aug-16
220,85057.08863,06-Aug-02
1075,118551.0155,03-May-20
1109,46249.72748,18-Dec-19
486,56755.7071,26-Aug-01
2,96207.67406,29-Apr-15
456,109315.0908,13-Apr-11
1783,85977.53634,03-Jun-11
166,51210.65343,27-Jun-11
1213,62291.9285,09-May-04
3122,61578.07334,18-Oct-02
739,106069.6074,20-Sep-01
1873,54814.95891,05-Nov-01
1021,89696.85574,17-Dec-14
2259,116433.4704,25-Dec-16
909,118109.169,22-May-05
967,54784.39633,20-Dec-00
2642,100260.223,02-Aug-07
2365,57957.81438,16-Feb-16
2617,58691.63929,14-Apr-17
928,119889.8544,06-Apr-18
3497,97303.5829,24-Oct-16
202,79795.72121,25-Mar-03
1156,61540.19337,28-Jun-02
1501,114281.6657,30-Jun-06
1339,102517.4079,19-Dec-03
265,64792.86787,06-Jan-03
2047,44077.46794,26-Mar-06
2703,55041.43874,22-Jul-08
466,78180.3467,05-Feb-20
436,99052.44427,21-Nov-05
1469,98199.58099,16-Jul-09
2382,92713.91423,21-Mar-07
700,101333.798,03-Oct-14
2528,98104.69757,11-Nov-11
3226,78523.86669,21-May-12
1290,81305.45028,31-Dec-18
3347,44092.25553,09-May-04
304,112122.4131,23-May-08
2160,95639.99713,18-Jun-17
2864,46024.22791,20-Jan-10
2353,78428.55919,31-Jan-05
3236,57259.13278,16-Aug-11
1537,69695.93643,04-May-12
68,69935.65903,03-Jul-16
2583,115214.2642,19-Jan-04
903,48911.48894,12-Nov-17
244,82759.8417,30-Jan-16
1499,67250.95274,26-Jan-20
1196,55266.98276,08-Feb-05
2936,115210.0073,10-Jul-14
2428,75884.81961,28-Nov-05
1481,65522.28778,04-Aug-17
2480,41253.99246,24-May-02
1899,64371.36452,29-Sep-12
75,99890.91804,18-May-08
1137,110600.1646,20-Nov-07
1652,53822.0338,10-Jan-15
1814,65248.59196,04-Aug-06
1809,43281.01699,22-Feb-02
2140,69148.7059,27-May-13
2346,65412.31889,18-Jun-02
747,87279.43196,21-Sep-05
636,79399.30585,15-Jun-05
3339,72929.14461,19-Aug-06
1379,53302.00917,14-Oct-19
1599,100822.3296,02-Sep-18
1576,73591.711,17-Mar-00
2541,53379.39786,21-Dec-17
1013,117987.5727,23-Jul-12
2617,82102.44355,04-Oct-02
1101,64542.88359,23-Feb-11
1288,50137.71941,19-Apr-02
1082,100229.206,17-Sep-18
2593,45745.76902,11-Dec-13
1135,92066.56121,04-Jan-06
1577,109660.9825,08-Jul-15
3071,112444.3551,05-Nov-19
2182,72759.81997,24-Apr-20
449,99080.51387,01-Jan-12
2913,105939.3167,11-May-17
3220,62261.02573,18-Aug-16
1129,40244.51064,19-Aug-13
1213,57518.08381,04-Mar-03
2628,62513.00366,13-Dec-04
789,105379.7768,06-Sep-16
1230,83829.40227,23-Dec-07
657,45244.20126,06-Jun-05
1717,68529.0211,03-Jan-04
2342,117922.6867,14-Jun-12
2104,95008.45889,28-Oct-13
1969,45689.88104,24-Apr-10
1783,62129.15806,08-Jul-09
869,75593.13571,12-Jan-17
2520,91494.29498,06-Jul-06
3130,105079.3904,24-Feb-20
2290,84856.86934,23-Sep-11
419,65373.57605,05-Jul-06
824,54568.16244,24-Mar-17
2518,65585.83235,02-Sep-10
1413,58510.23491,26-Mar-05
2538,110877.6577,23-May-00
1336,111792.9056,27-Aug-14
1073,104472.8635,17-Mar-14
822,65677.62711,01-Jun-18
170,80750.40855,21-Nov-20
1543,103234.1631,14-Nov-09
805,119300.6493,24-Apr-15
51,98507.26324,06-Jun-20
2022,119764.1938,14-Apr-04
1090,108668.7269,01-Dec-16
1834,116354.9299,08-Jan-02
1871,52512.17567,17-Nov-02
567,48683.91341,17-Mar-07
1252,82137.34222,14-Mar-02
2137,74040.38006,16-Mar-11
2699,102080.7392,07-Feb-16
1887,107365.1153,10-Jul-12
1202,83256.87721,08-Dec-11
1522,103658.1657,24-Jun-20
1029,91959.06188,26-Apr-10
443,92312.20989,06-Dec-14
3349,77821.0133,06-Oct-11
206,56212.23735,08-Nov-20
797,52147.40938,04-Apr-07
1599,61182.96672,07-Oct-05
50,106365.0394,20-Jun-09
1967,79674.18322,12-Apr-08
2998,81237.3404,30-Jun-10
2873,65495.88293,12-Sep-10
2393,94768.58965,02-Jan-14
2037,84131.25191,25-Dec-05
2282,111344.2727,05-Apr-19
3113,72575.31579,08-Apr-18
99,83713.66047,17-Apr-08
3346,94208.60618,27-Feb-18
465,104243.3187,05-Jan-15
2680,56868.73276,29-Nov-10
162,49763.54979,17-Oct-11
3013,61893.64622,21-Mar-10
902,42441.12306,16-Jul-16
3375,55568.14515,18-Sep-08
365,72564.25212,30-Apr-18
259,59987.41945,26-Nov-08
664,66872.0585,11-Aug-14
2348,54035.16461,17-Jan-00
1527,67509.27384,20-Apr-07
3000,75368.38678,23-Mar-12
53,79843.61547,04-Dec-16
706,49933.90116,01-May-05
429,73193.02827,31-Aug-20
3401,106252.2787,21-Jun-09
534,108704.3341,08-Jan-01
2293,77485.99846,12-Jul-06
2323,87174.13235,12-Oct-00
2981,90163.6568,14-Aug-14
566,93130.2121,24-Jan-12
679,71205.2457,21-Aug-02
482,47061.83321,21-Oct-00
2768,51331.33311,16-Mar-09
838,96996.78452,06-May-16
2126,80482.72816,19-May-16
245,71157.49729,22-Apr-12
1380,45993.89986,25-Feb-20
2090,80497.89448,24-Sep-03
355,118185.1983,13-Mar-08
395,61417.40323,11-Sep-19
3472,71565.9301,16-Jun-01
874,69392.61581,22-Feb-06
2506,53414.118,26-Sep-01
2121,77660.5746,16-May-17
950,81498.62536,21-Mar-14
1931,115948.0281,12-Feb-08
2903,94279.4526,10-Apr-00
1619,84605.92749,03-Jun-07
3322,104197.9727,16-Dec-06
3340,113470.0679,07-Jul-06
3242,102372.4148,20-Jul-16
775,87933.32447,03-Sep-02
2174,76512.26715,14-Sep-20
753,46137.37617,10-Apr-00
2524,98257.90695,07-Feb-05
2919,46748.39196,28-Sep-06
566,57596.40696,11-Jun-09
2454,107294.8543,20-Jun-13
54,58056.87906,27-Sep-14
3266,118855.3391,01-Apr-15
924,106193.0667,14-Apr-10
1133,89454.62732,14-Apr-07
2805,78293.3924,06-Feb-18
2131,50319.05958,25-Apr-11
178,82431.09234,25-May-16
432,43537.71452,25-Jan-01
2689,88544.18696,16-Sep-12
1598,89169.33861,13-Oct-03
1513,65448.90991,13-Sep-20
3221,71429.35074,18-Aug-17
961,100603.3014,20-Nov-11
449,102962.8211,13-Jul-04
1891,66797.11671,26-Feb-16
1728,89090.57383,01-Aug-06
1907,79446.98812,22-Aug-17
791,44986.9155,23-Feb-19
1834,80893.83059,25-Sep-14
2401,74268.82971,13-Aug-00
1586,45605.50076,07-Feb-09
455,56096.37069,05-Jan-03
3462,109387.4185,11-Mar-12
953,108070.3659,09-Oct-15
652,87851.53883,01-Jul-04
3349,46311.90731,07-Mar-03
3187,62439.24289,17-Jan-15
2048,49294.7538,17-Aug-10
2762,58054.3612,29-Nov-00
3286,41491.04029,18-Jul-14
3002,111110.8645,22-Feb-11
2283,98401.70114,19-Jan-10
537,115970.7166,16-Jun-06
2545,109795.49,02-May-19
505,108033.6348,26-Sep-03
1386,96099.66675,10-Dec-08
2820,77261.96566,08-May-15
1332,107451.6011,25-Jun-12
2385,50029.60353,09-Mar-03
1044,93763.51943,27-Aug-09
1145,80776.02006,20-Aug-20
1948,89883.10362,27-May-02
1502,45355.67686,10-Dec-15
1696,81127.02366,11-Apr-08
958,114280.7511,09-Aug-18
427,117166.9782,28-Mar-05
1544,58150.99216,31-Oct-13
1558,66817.13937,09-Oct-03
3400,52981.975,17-May-02
383,65939.66852,15-Feb-00
3052,74517.4537,08-Jul-02
729,107824.4165,09-Jan-12
2248,55351.325,10-Sep-08
671,90168.62273,12-Jun-04
2010,101740.2607,10-Jan-16
2986,102083.2485,14-Oct-02
3485,59319.0613,07-Feb-03
856,100599.8046,08-Jul-08
1509,40376.83139,02-Oct-07
2456,57206.22721,07-Jan-00
1072,119854.4462,23-Dec-07
2321,81822.22905,17-Jun-00
361,63020.87793,17-Oct-02
666,113505.2814,28-Dec-10
2805,89430.44391,18-Apr-19
740,111067.9642,19-Dec-20
390,76628.70149,27-Jan-18
1637,45793.86234,24-Dec-12
1620,117616.4645,28-Jun-18
1123,61701.91063,05-Nov-20
2854,69628.92496,03-Sep-13
769,117775.8026,05-May-13
903,106137.7003,18-Jun-11
2203,89469.80131,02-Mar-06
632,73683.82471,25-Sep-06
820,81499.36081,04-Nov-19
889,95990.25413,30-Aug-16
1730,105543.9246,13-Apr-13
3179,79531.1559,26-Jul-03
2657,63813.42709,02-Mar-04
1088,101989.8483,31-Aug-02
2140,97503.83382,09-Nov-09
801,61482.99897,02-Nov-13
1853,93996.62185,05-Jul-10
1128,55947.48368,25-Sep-14
1591,42073.02341,04-Mar-01
1373,62482.08404,11-Apr-12
2508,49697.59173,28-Nov-18
2056,99822.63585,20-Feb-12
3119,87337.26271,11-Oct-01
1633,91720.89584,24-Mar-04
1236,86897.53363,24-Oct-12
1039,71310.31086,15-Jul-08
1614,64070.89604,05-Dec-00
288,79852.75715,30-Nov-15
3483,93717.98952,09-Jun-08
1161,112884.6445,13-May-06
1758,55262.4109,05-Sep-20
3433,48322.58973,02-Sep-01
1161,45593.42761,25-Jun-00
1089,47085.13017,05-Oct-00
2060,91933.49879,22-Dec-08
2138,62822.98366,16-Jun-11
987,52577.54999,21-Oct-18
2992,56705.29529,03-Dec-09
2703,59293.01285,04-Oct-08
982,51700.5394,30-Sep-11
18,114478.3484,09-Aug-14
2294,61353.72055,01-Mar-17
794,110017.9287,30-Jul-18
1347,44512.40607,17-Jun-03
1377,67483.02584,09-Jun-11
2164,93945.26918,10-Feb-08
2509,60031.32212,03-Nov-03
3466,72254.84719,18-Aug-10
932,78272.38826,27-Jun-11
3139,60414.32806,10-Feb-16
1809,58449.70877,08-Feb-20
3395,68712.57468,10-Nov-15
2581,77824.0655,04-May-06
376,109803.6715,24-May-17
3078,104331.5939,13-Jun-14
1378,94723.64787,26-Dec-18
1853,95136.91627,03-Apr-07
610,46149.62673,19-Oct-07
496,66290.67285,12-Oct-17
483,68382.64292,30-Aug-20
128,115621.6359,08-Mar-19
2238,72400.07563,19-Oct-02
1818,91945.97813,16-Apr-01
623,59005.21228,05-May-18
98,93470.59355,26-May-00
1120,101496.0013,23-Jul-02
1301,43055.9968,18-Jan-20
2480,48377.29972,14-Aug-01
2433,98251.15304,05-Jun-03
1877,114589.9396,23-Mar-16
2122,105770.896,15-Apr-16
757,51342.07475,04-Sep-20
1504,71952.88849,22-Dec-16
2506,103975.071,31-May-04
3007,46008.05353,09-Apr-14
1354,59070.25698,20-Oct-03
1609,78557.86593,13-Jan-13
1661,116980.052,02-Nov-17
3129,101862.9266,31-Jul-19
1357,52511.1095,10-Jul-06
3138,108664.8173,04-Mar-05
1989,94936.45272,04-Apr-04
1066,55032.08657,10-Dec-01
538,61308.70688,05-Nov-20
3180,95261.12409,05-Aug-15
1056,59797.314,02-Nov-11
1763,99659.37891,09-Oct-00
923,97474.38227,24-Oct-17
2272,55255.55732,20-Jan-07
1452,56865.24566,01-Oct-15
404,70804.72799,25-Sep-13
2231,76682.99823,27-May-17
900,64054.57266,05-Jun-14
1671,88563.19174,16-May-10
619,43854.51601,28-May-12
438,53280.3218,05-Jan-00
1140,100162.1685,18-Jul-11
133,117964.8982,12-Aug-17
323,81882.2606,15-Dec-16
3197,77910.26497,03-Oct-14
3434,93982.94296,08-Dec-16
306,90562.60563,08-Feb-14
40,105025.6706,13-Jul-13
3328,74568.84012,23-Sep-02
765,45322.8113,06-Jul-08
3422,50666.13117,04-Sep-02
582,119546.7635,08-Aug-11
2435,73240.27186,01-Feb-06
1755,88914.67615,19-Aug-05
2716,76901.29559,06-Mar-18
2989,105105.3631,16-May-11
2610,51794.44693,05-Jun-04
491,116907.7822,28-Feb-17
449,51084.69649,24-Nov-13
812,47096.46829,15-Jul-19
1718,72804.13888,24-Feb-09
3258,105946.1977,08-Feb-12
1161,44089.33597,01-May-16
3145,46788.62102,08-Dec-10
1387,117588.0494,15-Nov-09
23,69943.88877,26-Sep-13
1165,107356.7106,01-Jun-11
396,92696.97803,09-Aug-07
1094,89276.29174,17-Mar-18
2325,44379.92233,28-Apr-07
488,86522.486,11-Feb-00
710,79507.21822,12-Dec-16
377,53894.62834,15-Dec-06
1586,65225.88787,14-Jul-12
2236,75289.44539,27-Dec-18
2676,77271.66539,19-Jul-00
958,88973.53183,13-Oct-08
2957,88461.02758,10-Aug-16
2401,118978.3632,02-Mar-02
3224,104930.375,19-Feb-07
586,51507.4765,16-Aug-00
3196,85226.80574,26-Jan-11
1528,55933.52357,02-May-19
1930,60617.62812,13-May-20
1910,119919.1009,04-May-00
2907,52700.8578,14-May-09
2097,115286.924,19-Feb-15
3419,103943.8916,19-Nov-12
3143,94513.23048,16-Dec-13
2940,101869.5843,15-Mar-20
982,104556.9027,19-Dec-20
1381,89075.36113,27-Nov-13
194,54633.59522,23-Apr-02
2945,41251.43644,19-Sep-16
2498,43244.61975,08-Aug-19
859,56431.88152,10-Mar-01
1246,118118.4179,15-Apr-15
2379,50591.36117,19-Feb-03
2240,85894.61237,31-Jul-06
1706,100175.9299,08-Sep-12
2464,43863.24686,07-Jun-17
1455,72462.19768,12-Sep-17
622,60077.50056,01-Mar-04
2345,70949.64699,26-Apr-07
969,117779.3082,02-Feb-06
1145,103345.2637,09-Jan-07
3454,111112.9069,25-Feb-10
2443,119427.9121,01-Jul-13
185,59845.15334,22-Oct-03
2531,75317.64783,15-May-05
3356,50136.0253,07-Jul-05
2969,53278.87824,11-Oct-00
1092,96863.08727,21-Apr-16
466,55407.91181,09-Feb-14
1399,41515.60227,21-Sep-07
1660,113428.953,21-Feb-16
467,95278.21409,06-Mar-09
604,77755.70101,10-Feb-06
2368,44633.90491,12-Sep-12
2767,48174.07123,11-Nov-12
1943,69664.45411,05-May-05
251,104520.378,19-Sep-12
531,44289.36275,24-Aug-03
627,78338.00403,17-Apr-15
2055,102937.7676,12-Apr-03
1002,75338.64374,26-Mar-07
1912,45586.03855,21-Nov-02
787,93149.58657,15-Feb-04
279,119083.5337,16-Aug-11
3170,104746.7486,02-May-04
1575,107467.7806,07-Mar-15
3137,89870.30774,02-Dec-06
531,77173.08179,29-Sep-20
391,82286.03255,30-Oct-13
2689,104123.1709,18-May-16
2513,90186.64982,02-Sep-19
2917,62841.92132,31-Mar-10
1484,62152.24799,13-Jun-03
2388,95737.19742,02-Mar-16
1321,116252.3367,27-Aug-17
3121,97905.15947,16-Aug-02
2190,98787.2985,21-Jan-02
126,54326.5112,27-Oct-04
1109,74650.32909,21-Jan-11
1284,102398.8264,14-Dec-09
753,113193.0372,18-Aug-19
1577,75126.82384,04-May-02
55,75334.72179,24-Jun-08
1322,90796.67548,10-Oct-05
2656,98430.59449,06-Feb-11
3060,88798.0689,12-Jan-20
1258,63866.70727,02-Feb-08
2525,76141.32807,22-Sep-06
771,98056.82771,22-May-20
908,90512.39,21-Jul-00
426,55859.93032,31-Aug-18
569,56027.6087,04-Jan-06
7,42074.35228,28-Jan-14
3307,78784.98411,14-Nov-16
1726,80742.14723,27-Mar-06
2501,60430.94432,29-Nov-00
810,87260.39779,20-Mar-02
2169,84817.0035,12-Dec-12
1726,99631.68208,11-Apr-17
3408,110157.998,20-Dec-14
2407,85491.22819,01-Nov-06
369,82466.02618,06-Aug-16
195,116164.9012,12-Dec-20
3195,41291.4871,22-Nov-08
331,78311.60664,01-Aug-20
908,92919.59369,01-Mar-16
2327,106476.3855,06-Mar-20
2093,48678.71443,11-May-03
612,90888.44784,05-Sep-00
3110,99088.22004,13-May-10
2084,41425.77563,20-Jan-00
1397,69269.35255,04-Aug-15
480,54912.88828,16-Mar-18
2593,93708.85132,11-Jun-00
2336,68467.6644,24-Feb-05
1448,99762.4667,25-Feb-18
3131,48842.59686,30-Apr-08
884,94847.87693,28-Aug-16
606,92296.85002,18-Nov-08
2426,63898.41379,07-Sep-16
392,47165.13154,30-Jul-14
3317,75338.42852,11-Feb-01
802,105741.724,15-Jan-09
2049,93863.58493,22-Aug-10
2604,88853.90114,14-Jan-04
435,117252.841,26-Mar-10
473,68684.74767,16-Mar-00
453,82015.79109,10-Feb-00
1689,68575.10322,19-Nov-02
1037,89267.85911,27-Feb-02
744,49264.63154,01-Sep-03
1099,91049.50524,05-Dec-02
1226,93666.46935,04-Jul-02
2582,95847.12946,16-Apr-14
1610,93400.89385,23-Apr-08
2980,114677.5987,02-Jun-10
3353,76788.5515,27-Nov-07
1371,43087.40537,27-Jun-06
2627,62028.5213,10-Mar-13
1881,43554.20625,29-Nov-11
2493,41347.96521,14-Jan-18
143,81025.48405,24-Sep-04
1689,69374.37999,19-Aug-00
1490,74810.40545,10-Jan-17
1930,57050.10682,18-Oct-11
3395,54351.72149,05-Jul-09
3088,66809.35205,21-Aug-14
2675,51056.78244,20-Jun-14
3005,64967.32326,25-Oct-11
3455,90977.5766,07-Sep-07
2910,52884.60048,27-Oct-05
796,81520.53121,16-Nov-08
2783,40445.44663,15-Nov-12
2975,99554.56756,13-Jun-01
3492,43028.8399,07-Jul-03
251,113753.3181,18-May-20
2815,91761.99832,07-Nov-05
2957,69867.94696,27-Aug-03
1518,116597.4872,29-Oct-06
1917,109615.5109,05-Oct-07
2760,86861.68216,11-Jun-07
2985,40222.68694,08-Apr-20
1963,87314.22452,23-Jul-04
1597,56445.52591,09-Jan-10
2919,69273.7255,12-Oct-08
3177,117899.1533,11-Sep-19
1467,106351.9424,26-Mar-13
1402,70180.05082,12-Sep-10
29,118548.4104,25-Apr-09
595,45176.23806,19-May-13
1206,67200.13541,16-Aug-06
1959,96805.67598,08-Nov-19
2914,84756.88319,22-Aug-16
1756,52048.45848,03-Jan-00
1837,87973.21582,16-Nov-02
1704,47364.43069,28-May-07
2373,53020.82418,23-May-14
2634,43258.87711,30-Apr-16
292,77186.24922,16-Mar-19
2714,100182.9798,22-Sep-04
678,60444.30391,21-Jun-15
1678,105391.5291,10-Jun-05
2860,56875.18528,12-Jul-17
1436,95949.32779,21-Feb-14
2708,87435.54262,23-Nov-05
3063,92280.48667,24-Sep-10
1532,47971.75432,16-May-07
1391,48198.56999,20-May-00
2111,43125.76846,25-Jul-11
679,77593.5016,14-Mar-09
2148,105208.4712,26-Mar-00
3493,79509.21206,11-Oct-04
1114,102931.7815,06-Sep-19
1110,50334.7301,25-Jul-16
1114,56283.16672,24-Jan-12
2062,106334.7079,22-Jul-19
1624,68173.64425,03-Mar-02
1066,71735.1806,19-Jan-10
1205,97543.07899,19-Oct-11
188,115286.4085,19-Apr-03
1668,105370.2217,09-Dec-13
2978,51138.99099,06-Sep-18
2210,64653.03998,15-Jan-10
3405,90230.67662,04-Apr-03
1961,57108.0481,08-Dec-18
3428,54098.00104,27-Jan-16
977,67407.08814,20-Dec-15
663,52227.41864,13-Mar-07
2139,78679.23408,14-Feb-07
2764,87079.78518,20-Aug-05
1530,119068.6629,15-Feb-09
2717,62641.52294,07-Aug-10
2543,115635.3366,20-Oct-05
2800,68241.08393,31-Jul-19
2888,91307.6868,03-Jul-17
2581,40933.82131,24-Jun-01
3028,64702.96618,29-Aug-10
895,73717.16005,03-Jul-05
2003,66614.76989,16-Oct-04
140,68303.32193,06-Nov-04
56,105282.2773,01-Mar-17
3338,76901.97943,11-Jan-18
803,100728.4103,13-Jul-11
2242,87065.16251,09-Sep-18
3498,73250.21266,27-Mar-16
1116,89688.39521,21-Sep-07
275,92536.89373,13-May-19
3337,98762.16194,21-Feb-18
2603,94468.31587,05-Feb-19
3147,44118.96156,27-Aug-03
252,88206.99029,27-May-20
1366,50573.59563,13-May-19
3209,82956.71584,12-Aug-20
735,63261.34392,14-Nov-11
1781,42356.66166,09-Apr-13
2100,102744.6084,20-Mar-13
3105,100251.2752,27-Sep-04
172,60378.85882,12-Mar-03
1845,41268.13427,25-Jan-19
672,88352.0656,27-Oct-04
7,69883.41837,09-Jul-05
3268,75464.01183,28-Nov-05
1616,97134.39317,07-Sep-16
2896,95694.87744,05-Apr-08
3305,52128.32467,15-Jan-02
2026,75365.76509,01-Sep-01
1720,109824.623,12-Oct-16
2895,93628.75435,02-Oct-11
2967,88410.79181,30-Nov-09
2218,89571.1545,11-Jul-07
2503,98715.22184,06-Oct-18
1288,106978.494,05-Feb-03
2449,91843.4836,08-Jun-15
1184,96892.9936,30-Jul-20
1482,79916.06344,12-Jan-07
2312,95422.09065,12-Sep-20
2503,55831.76794,13-Mar-06
1181,118601.3521,31-May-00
3384,78194.99565,25-Jan-02
82,54502.58036,06-Aug-05
2534,71474.44639,03-Apr-08
3156,102617.7399,22-Mar-00
3166,43158.04603,18-Sep-03
1646,107712.8941,08-Aug-13
2935,55622.05467,30-Jan-07
3042,84583.85871,11-Dec-03
3250,109318.9242,28-Jan-08
3229,82224.67702,28-Apr-07
231,71645.61636,04-Jan-13
2899,87006.96287,25-Feb-05
339,83358.80073,10-Mar-08
1508,71443.18388,15-Apr-05
1250,49654.15169,02-Nov-15
3440,95379.4241,19-Jan-03
2385,109821.2923,11-Sep-05
2842,88951.64194,09-Oct-14
2783,89688.93637,24-Jan-17
1185,49755.64129,23-Jul-07
1707,95634.32591,08-Jun-04
3156,69425.48378,26-May-17
3055,106122.3322,10-Feb-15
1165,41643.3891,16-Sep-00
1606,67150.00983,24-Nov-12
2926,61869.09702,17-Apr-11
434,86027.31946,05-Nov-07
1371,85991.58864,04-Jul-18
576,100753.6736,17-Oct-14
1612,75801.90868,30-Apr-18
2720,69486.44329,03-Mar-19
294,80845.10914,04-Sep-17
2992,96005.72881,26-Mar-02
3474,84959.23724,07-Jul-05
2418,72452.21482,19-Nov-12
615,108916.4795,06-Apr-19
1270,80842.15946,18-Feb-13
411,58017.03041,10-Sep-04
450,55373.3933,09-Nov-18
396,54428.1638,12-Mar-10
1532,67348.5504,26-Mar-01
2428,73115.19503,30-Aug-07
996,63462.78562,06-May-11
2700,110255.2958,04-Dec-16
2234,42321.73791,18-Aug-12
1865,104941.9385,14-Oct-01
2640,107033.8699,07-Jul-19
1975,64740.60252,21-Feb-19
252,67215.9534,09-Jan-20
3488,40819.24723,01-Apr-18
909,81508.18533,09-Oct-19
3210,43685.65748,20-Oct-02
1134,99318.24275,19-Oct-05
2980,42796.03401,02-Dec-14
787,113321.2665,09-Feb-18
2661,71458.48241,13-Mar-20
815,95880.68511,03-Apr-09
3255,78770.03509,13-Apr-12
2166,113048.6203,17-Jul-12
612,91730.01765,25-Apr-04
260,84977.36115,14-Jul-15
831,113243.0236,17-Jan-09
635,42134.98885,27-Jul-17
2340,64062.62194,10-Mar-07
2307,94362.25889,20-Dec-09
1331,51885.35499,04-Apr-01
2423,59888.96698,15-Jul-18
1615,108541.5568,18-Apr-12
285,92261.11602,19-Feb-13
535,105449.7231,20-Nov-01
1382,72493.97535,14-Mar-13
2000,42347.43481,16-Feb-05
1032,107211.2029,21-May-05
2928,74957.06358,19-Dec-15
842,95907.5101,14-Mar-02
76,44501.06027,24-Nov-08
514,49647.8028,11-Dec-14
820,45341.84645,14-Feb-09
1908,118817.281,07-Feb-19
342,79132.69005,03-May-03
3232,87103.02015,20-Feb-02
1574,67794.0347,07-Sep-17
2007,40659.66418,18-Aug-14
1374,49784.30489,25-Aug-14
122,107572.1844,11-Apr-20
535,57775.06449,19-Aug-17
1294,82002.05925,02-Jun-04
128,100866.1579,28-Aug-20
3045,110317.8953,11-Oct-06
450,49100.08052,12-May-12
1558,73598.31383,10-Nov-08
733,62476.45476,29-Jul-10
3197,73466.00165,18-Mar-12
994,115584.2693,06-Oct-14
2910,86536.71644,01-Feb-01
262,105635.0943,21-Jul-19
2191,47448.94812,23-Oct-04
1405,94450.82099,20-May-01
2358,74030.31693,08-Aug-03
1627,97593.01849,29-May-19
3150,42726.71259,30-Nov-14
1400,64852.48803,24-Aug-18
1351,68160.61614,19-Sep-10
1033,81587.57177,11-Mar-20
1096,42704.10461,13-Jul-13
1655,101503.2265,15-Aug-15
2247,72015.21277,19-Jan-09
2170,71872.40865,03-Nov-19
208,90648.9352,08-Aug-08
2722,80267.39646,05-Jul-05
1431,41332.73967,03-Sep-11
199,92848.24252,13-May-19
3103,58375.27179,29-Sep-16
1037,93181.39702,27-Feb-18
1181,65943.90013,24-Apr-15
3314,94936.09523,06-Jan-00
1731,46235.63991,18-Feb-03
2361,88154.38476,23-Aug-18
1412,49091.44405,09-Feb-11
387,80131.133,21-Nov-07
31,63864.65396,13-Jun-12
983,105747.2542,13-Apr-07
3068,87847.30212,31-Aug-17
138,105224.6641,02-Oct-05
2701,50958.05107,24-Aug-08
291,78480.90092,26-Dec-17
2323,109765.6284,22-Aug-02
1718,55779.43858,10-Jan-02
2615,54167.83193,20-Apr-01
2074,48359.66881,04-Oct-08
2158,106408.976,10-May-05
3196,50798.26171,30-Jan-16
672,69324.93029,25-Jan-01
1579,101515.0406,19-Feb-18
279,111963.3554,29-Jun-20
2742,86492.60516,15-Jan-20
56,40169.1241,23-Aug-00
996,99528.38857,18-Apr-16
907,52989.35852,08-Jun-07
79,87967.27146,27-Oct-12
1102,72374.23737,08-Jan-13
1222,66632.77498,14-Nov-15
3443,75368.31985,02-Nov-15
162,66657.917,29-Apr-10
1435,59846.01476,28-May-12
1884,92635.35815,30-Aug-20
122,51887.31584,06-Jul-07
95,71122.60774,18-Mar-05
780,94201.86277,19-Jul-13
2227,93101.90681,19-May-14
1057,81466.62234,14-Nov-07
1784,98312.46163,11-Jun-19
2385,49429.86197,21-Oct-05
296,58448.3394,24-Sep-05
1951,81892.29929,05-Dec-17
549,97475.98922,20-Jan-20
5,94757.07475,17-Jul-01
766,45738.84698,09-Dec-07
2732,58315.26837,09-Mar-20
1078,113394.213,13-Aug-20
2436,113972.4168,29-Mar-09
3487,111239.8919,07-Sep-08
2316,96537.41078,02-Dec-02
338,72390.44509,14-Oct-12
1959,109640.8648,23-Feb-04
150,82320.386,15-Dec-15
854,98104.42402,17-Aug-00
2265,49465.55566,11-Dec-00
1680,51058.95183,04-Nov-18
2414,77105.764,20-Mar-05
412,102715.6391,21-Aug-01
1629,71160.19805,18-Nov-19
3220,45706.05748,17-Oct-15
3285,104533.9623,07-May-15
150,51818.16556,14-Feb-18
949,54454.81986,12-Oct-12
2013,43404.32426,18-Jun-11
2806,84619.48226,01-Aug-04
3482,41543.81188,18-Jun-16
482,63971.12797,03-Sep-07
630,66839.16425,11-Apr-14
443,94676.75111,22-Nov-13
1115,56002.46157,19-Mar-14
237,115611.8892,13-Apr-08
55,100684.6892,29-Sep-00
895,47900.91119,09-Oct-17
214,54189.82458,15-Oct-15
1402,69941.92395,07-Dec-02
52,118979.6162,15-Feb-00
2811,56204.99384,22-May-14
3097,84547.90368,13-May-09
343,67014.26515,09-Mar-07
3154,97557.12126,28-Jun-02
1409,86006.90152,01-Jul-08
1476,118303.9632,31-May-15
2018,86772.45486,12-Jun-18
1827,72869.01052,09-Jul-20
1627,106531.8823,31-Oct-11
3308,49390.59573,17-Jun-08
2428,93895.42553,29-Nov-04
2045,105139.2244,13-Jul-05
17,41765.15773,17-May-10
465,74854.5348,16-Feb-03
3392,75985.66718,15-Mar-02
2184,101895.4333,12-Aug-11
2033,96649.22986,25-Oct-07
1303,44954.97126,20-Apr-20
1309,93303.80852,27-Feb-15
963,106781.3538,28-Feb-01
343,64521.58152,24-Nov-15
993,69122.1402,19-Oct-01
57,87983.01731,18-May-15
2376,69116.27898,25-Aug-14
2170,63286.09864,12-Aug-01
2654,60182.67122,27-Apr-04
741,75902.32917,23-Jul-18
2594,40546.63439,10-Apr-19
1578,43193.94316,01-Jan-15
2520,92096.01513,26-Jan-13
932,40449.76075,13-Sep-20
1906,49423.43214,23-Jul-19
2056,92123.971,21-Jun-17
1604,43753.62926,05-Aug-01
815,109338.8005,13-Apr-01
3004,50639.63711,25-Apr-17
2035,60087.12219,08-Dec-13
1845,69397.21843,05-Dec-05
2028,89564.94585,15-Feb-10
3099,118344.7611,30-Oct-06
1427,67177.33417,24-Jul-01
144,73789.05301,30-May-01
1308,98644.10173,13-May-14
1752,73133.52079,07-Jun-14
2473,46355.80331,14-Nov-11
2549,99045.15732,22-Jan-03
3406,83262.10251,29-Feb-20
919,69925.09312,04-Oct-12
2318,79808.73896,17-May-12
691,78298.07694,06-Feb-01
3379,89675.5418,19-Apr-19
1705,66191.70223,17-Jun-05
2890,76922.31436,03-Feb-17
3164,101543.9642,12-Jan-17
3388,72919.37519,03-Sep-17
531,82003.34216,10-Jun-14
1865,63560.24369,08-Feb-16
752,74547.84637,09-Dec-10
2749,95515.34301,03-Mar-10
189,106978.4503,09-Apr-06
3210,80989.83377,03-Apr-15
88,88976.07503,22-Jun-01
1768,41499.62297,26-Jan-02
1725,78697.24971,10-Mar-03
394,97317.65569,03-Jul-05
3441,42324.43731,09-Jan-01
388,51464.09005,17-Jul-07
679,116814.7472,13-Dec-02
2711,117048.9606,18-Nov-17
1729,95156.05805,07-Apr-10
2285,97927.72617,24-Feb-04
1018,68123.31799,06-Aug-13
876,71605.56856,13-Jan-18
3457,51457.01415,28-Feb-00
2532,80887.68487,14-May-16
2881,92366.30119,24-Aug-02
1647,63533.5515,11-Nov-08
695,60196.74272,19-Mar-11
1896,93006.82421,23-Apr-01
123,65578.61939,22-Sep-06
2068,96093.80106,28-Nov-10
1041,86454.0753,04-Dec-08
1355,49007.62807,03-Jul-04
1454,54463.2225,09-Jul-10
35,75110.43449,05-Dec-11
3425,106256.8755,28-Aug-03
616,107243.4822,01-Oct-03
3262,76705.0627,19-Jan-20
3361,65021.84482,13-Mar-02
947,66122.50879,07-May-20
1964,50694.39936,18-May-15
2401,47538.049,20-Nov-01
2243,69016.77817,11-Jan-05
1570,78843.25717,25-Nov-07
1618,106679.7929,02-Jan-15
1228,107550.3941,18-Jan-05
1121,56109.82656,16-Jan-09
1274,100914.0173,30-Oct-05
1895,58505.72816,24-Apr-14
299,104733.0962,21-Sep-00
2968,43444.13751,02-Jan-12
2684,117804.8825,22-Jan-13
629,112318.934,29-Nov-16
3008,58092.27439,23-Apr-11
52,96259.26448,19-Oct-02
712,57164.67321,29-Jan-19
2411,91570.84243,16-May-13
208,111044.8657,04-Sep-15
3280,92839.82369,24-Mar-16
927,105368.0119,01-May-01
665,88215.87076,24-Sep-01
3393,47621.68031,21-Feb-20
1665,119377.9454,21-Jul-18
2082,57974.80681,04-Feb-03
200,90710.8978,05-Apr-10
1033,115819.985,19-Feb-04
540,100455.0384,04-Sep-00
2467,102743.2449,22-Feb-01
2531,65050.94448,05-Sep-02
400,70540.87798,27-Dec-10
1902,57569.8274,18-Apr-06
777,115968.9347,06-Jan-10
1793,64997.98938,18-Oct-12
797,105343.3734,28-Mar-13
1508,57148.07312,18-Jan-08
459,86948.60167,09-Jun-19
400,96735.68693,10-Aug-16
1544,57985.24808,31-Aug-18
2151,81926.87106,12-Nov-12
1186,58746.33755,16-Apr-13
455,53431.30688,15-Mar-07
2095,69239.90244,04-Jun-04
106,47491.92329,28-Jun-05
2972,72672.60044,02-Nov-03
2077,94299.97635,23-Jul-10
972,87891.30266,06-Dec-05
1698,80724.58666,01-Apr-12
1543,73070.55377,24-Dec-16
1724,102706.7082,15-Nov-02
2004,113525.8083,05-Jun-20
2460,101284.3422,18-Feb-01
795,54482.50392,04-Nov-00
3346,111801.0822,21-Apr-10
1340,63245.04276,04-Jan-10
1029,74395.17261,22-Jul-02
1674,98115.85469,07-Dec-20
1445,42238.98553,15-May-18
1485,54941.71885,15-Apr-01
1425,75087.87365,09-Aug-10
1871,75594.26198,07-May-16
1031,49695.63929,21-Dec-01
1508,86882.52174,04-Jan-12
2352,114096.6777,23-Jan-03
1789,105043.1008,15-Feb-08
3448,46082.81409,21-Aug-12
3364,78913.86297,07-Jun-16
1080,98018.65581,14-May-03
327,113756.1277,22-Mar-02
503,119049.3812,25-Nov-19
2679,117785.4525,21-Sep-05
944,89281.34417,10-Jun-13
1048,52279.16452,22-Feb-02
1158,46254.74163,05-Nov-11
2340,118943.4748,03-Jan-13
1739,79074.42062,06-Dec-16
2509,44175.98187,16-Dec-20
2652,45993.07463,08-Nov-15
2337,98857.22085,19-Jan-20
2452,55332.90175,21-Sep-01
3128,65696.71937,18-Oct-07
1702,87649.06573,12-Aug-14
2332,93900.23663,29-Oct-12
360,111539.8435,05-Feb-17
288,62958.01958,13-Apr-07
2981,82646.98694,11-Jan-20
2309,52375.26449,30-Apr-14
915,96645.21695,16-Dec-07
271,86331.14147,18-Feb-07
2431,43978.25558,26-Oct-11
1002,69266.99553,29-Jan-04
2900,74674.56135,21-Sep-01
1818,81535.39677,01-Apr-05
626,105283.7561,24-Mar-03
1952,103384.3286,10-Oct-00
81,100439.3909,27-Jun-07
1744,102811.1222,01-Jul-06
2292,47946.6553,30-Jan-14
2718,86208.20876,03-May-12
2511,95687.46944,07-Sep-00
1504,117415.5434,05-Dec-09
2461,53448.19009,13-Aug-07
3474,80078.69038,02-Aug-20
1569,107284.3351,19-Sep-18
3465,47986.84473,12-Apr-14
3057,105317.6932,11-Oct-05
1862,64171.7214,17-Oct-01
2611,41979.6634,15-Nov-05
3004,44661.74595,15-Feb-02
2929,94291.21568,24-Mar-14
1227,113554.3711,08-Nov-03
503,49525.04389,13-May-09
1349,57652.65993,22-Feb-20
2332,105758.886,09-Nov-07
3090,45229.31383,01-Mar-19
876,52331.27093,05-May-14
176,46050.85434,06-Feb-00
1722,96210.86916,27-Oct-19
1830,110196.9246,09-Jul-14
370,55777.98547,04-Nov-00
2528,50776.78371,28-Nov-15
1736,48150.91774,21-Jun-06
2308,61442.55484,24-Feb-09
1549,77676.36779,13-May-07
2156,65646.30169,29-Aug-20
393,119949.1119,09-Apr-15
59,74087.52515,20-Oct-04
865,50535.22023,08-Nov-08
2764,82746.84716,04-Sep-13
1303,45883.4287,04-Dec-08
752,45924.19709,18-Dec-04
830,92968.55256,05-Apr-20
1632,58825.31356,15-Jun-20
2815,92350.95098,08-Dec-06
2297,69014.22976,29-Jan-04
630,57919.62426,06-Feb-13
113,102843.888,17-Oct-11
2526,78060.99403,25-Jul-17
2477,66773.82093,21-Aug-18
3090,55090.97971,13-Oct-15
742,105695.433,24-May-19
1256,41856.68515,03-Sep-19
1307,46234.08999,21-Oct-12
3420,108118.3618,29-Dec-01
2332,64130.11893,15-Nov-20
2522,45560.42412,14-May-12
625,97189.64673,04-Feb-19
1687,95639.33219,16-Sep-14
2617,99951.70546,01-Sep-08
1525,95472.17111,28-Dec-04
794,61009.64685,31-Oct-15
1668,119221.8436,21-May-19
1916,40950.73771,14-Apr-18
1903,117503.1876,15-Jul-00
931,45543.67761,02-Aug-18
567,86736.28314,17-Sep-10
3379,52351.83872,05-Aug-09
201,53194.61766,24-Mar-19
1885,101291.3546,18-Jan-14
665,72391.6626,13-Feb-02
1889,58575.66871,01-Mar-10
2745,118307.6427,18-Jul-20
663,117726.3162,30-May-17
2239,46922.67571,06-May-07
2889,117550.7311,06-May-11
661,61930.69582,08-Jun-00
2811,56148.55862,13-Jul-09
1237,51218.05287,11-Sep-08
3340,93772.76863,21-Oct-04
236,110447.8221,30-Sep-05
2311,114705.9542,25-May-09
57,117153.1129,04-Jun-01
1814,108917.5628,09-Oct-08
312,56534.18284,24-Nov-20
1740,46196.46614,20-May-08
2497,88878.59589,13-Sep-13
2143,76749.92578,25-Jul-04
1430,91231.18223,29-Nov-00
1852,49606.6683,24-Jul-08
473,103426.2636,04-Aug-13
2731,54947.15357,15-Aug-04
146,118331.4836,02-Jun-01
3400,106396.4879,06-Jun-17
67,106736.3043,24-Nov-17
2485,76851.47847,28-Aug-01
2739,62715.69233,14-Jul-10
42,41307.73862,14-Oct-08
1962,62818.97234,23-Apr-14
3134,83543.33802,25-Jun-10
118,48228.03224,21-May-20
3367,86915.93117,16-Oct-11
1293,65435.32574,07-Oct-20
2019,74034.6651,18-Sep-03
1504,44902.48667,17-Dec-04
3369,117375.8345,10-Mar-18
144,43736.15675,06-Feb-00
1066,94531.51453,20-Dec-09
1200,73523.81891,28-Nov-08
1425,43276.86399,17-Mar-16
1717,60654.56644,18-Aug-13
246,92458.81918,06-Jun-06
1971,94918.92689,22-Jul-04
934,69742.35002,24-May-16
523,68490.12291,24-Dec-12
892,67067.51376,04-Nov-09
1362,88681.73483,14-Jan-19
902,82269.89098,26-Feb-14
2448,77130.55619,09-Jun-10
264,50024.24687,17-Dec-09
3488,94054.28919,16-Dec-03
1306,83375.50501,14-Oct-07
1552,111650.8956,01-Sep-11
3134,50052.74324,18-Dec-12
3435,95894.52757,29-May-18
1006,119183.9876,10-May-03
343,64915.83548,17-Jan-09
3057,110721.608,05-Apr-19
978,82286.12182,08-Dec-06
2067,100729.9556,18-Jul-20
730,95618.94354,28-Sep-02
1307,89228.91948,18-May-13
2984,89707.2833,06-Nov-03
1987,90041.42329,22-Oct-10
2050,74782.53466,01-Sep-16
647,105392.5405,13-Mar-05
3162,101859.582,09-Apr-05
3291,73215.44987,02-Feb-18
2255,98415.15235,29-Jun-19
3052,80343.82538,15-Mar-01
2038,71145.18932,17-Aug-07
2324,114297.6347,20-Oct-17
1235,103628.3635,03-Jul-07
151,119038.3165,31-Aug-05
2667,64267.46024,23-Oct-02
1269,41518.39362,12-Dec-08
1019,101297.0491,04-Apr-03
2816,72065.8489,16-Jan-15
2383,114529.1857,10-Feb-12
143,87597.64268,11-Jun-14
1140,112927.7334,19-May-12
3128,52379.55501,13-May-11
25,56753.22082,27-Sep-00
697,46047.49686,21-Sep-19
1268,67970.94201,21-May-13
3281,117308.5358,04-Aug-00
3183,95625.08213,18-Oct-07
1253,95824.16881,15-Jun-08
1780,64877.66484,05-Mar-03
1960,101585.273,06-Nov-19
748,90845.24029,02-May-10
2586,118575.4079,19-Sep-18
308,69546.0905,29-Oct-16
2730,47265.37942,23-Jun-02
1700,40309.38118,05-Aug-10
2110,40551.11347,03-Nov-10
727,112427.3306,05-Nov-12
371,109601.8199,19-Feb-19
58,104618.9982,30-Oct-16
110,91717.61785,10-Sep-00
41,103012.571,13-Jul-05
1383,97789.26145,04-Jul-02
1684,81429.64868,16-Feb-02
3044,91903.25361,13-Apr-16
3072,96425.37253,21-Mar-16
1198,49361.32061,21-Apr-14
2852,83191.93923,28-Apr-12
1727,92919.62928,01-Dec-18
1154,41880.56975,10-Mar-08
3120,99717.90837,18-May-16
83,70580.50555,18-Apr-09
3284,100718.9297,16-Jun-06
836,67287.1565,09-Nov-00
1742,72125.19306,05-Mar-02
3130,115112.9521,26-Mar-17
869,71238.59359,13-Aug-10
1455,60838.34092,31-Mar-08
2094,101064.4036,12-Mar-07
292,107753.529,09-May-15
3096,61419.29242,16-Oct-13
1828,65519.05342,29-Sep-18
2394,57225.72931,15-Jan-11
1295,53899.36968,18-Apr-04
2700,103461.8932,18-Dec-20
2551,61190.9089,09-Nov-09
2829,77664.9714,22-Sep-20
3433,70571.37903,01-Jan-14
1182,89887.35093,24-Nov-12
1966,85559.61323,13-Oct-20
1047,82728.99878,05-May-20
2685,59440.88143,07-Jul-07
435,107743.5704,02-Sep-00
705,50293.29463,20-Jun-00
1285,81804.50376,24-Jun-07
2050,48245.06265,27-Mar-10
906,61413.78003,03-Jul-00
3306,112649.9119,27-Jul-03
2232,97040.08477,06-May-09
2322,104373.4855,03-Sep-07
822,84167.35292,29-Sep-18
568,64614.27803,31-Mar-02
2303,86995.33567,14-Jun-18
315,59228.5787,26-Nov-09
1471,113875.5034,12-May-08
2601,67953.50786,24-Aug-15
3193,83369.36756,05-Nov-12
3452,56840.96545,17-Dec-13
1317,53251.53129,18-Feb-09
824,101249.3722,10-Apr-15
2610,87514.73841,03-Apr-05
414,100898.938,16-Dec-12
2862,57771.84264,27-Nov-03
583,74845.92358,07-Dec-19
2660,101333.1022,12-Jan-11
3182,108505.7635,28-Oct-13
2065,54070.45954,03-Aug-05
2601,84351.37698,28-Mar-19
839,107035.0309,05-Jan-08
892,62827.56676,06-Dec-03
2121,75058.60908,20-Sep-08
691,47043.9371,19-Jun-20
1040,77872.50152,14-Mar-07
904,46411.04065,04-Mar-06
588,106451.0209,05-Jul-20
999,73507.81787,26-Sep-17
385,114856.9495,20-Oct-08
2833,111171.2016,12-May-03
422,68526.33037,03-Jan-10
2637,81908.88498,28-Feb-16
1919,40944.3628,20-Jan-04
2821,68919.69207,13-Apr-18
1764,104889.2458,12-Dec-18
3146,111720.9849,14-Jul-00
2477,110882.1717,20-Mar-13
2436,98620.08888,22-Apr-00
1422,74636.6882,06-Oct-00
2840,95537.25194,17-Feb-07
3109,41649.61509,24-Mar-09
2180,41281.34912,09-Feb-03
2558,97463.92628,01-Oct-10
2305,44652.19542,19-Sep-13
2978,114622.331,13-Sep-12
2875,94556.82319,20-Aug-02
55,110671.7049,29-Dec-17
2951,60625.0804,01-Nov-13
1710,73316.69054,09-Jul-10
2189,69540.5745,21-Oct-13
179,51775.76316,28-May-03
1313,73662.57411,11-Jun-05
574,47569.78845,05-Jan-17
334,103093.6907,17-Dec-13
1068,93302.13446,24-Nov-02
608,63199.60718,25-Sep-09
265,111022.3852,25-May-10
3140,116843.2104,26-Apr-00
1139,42628.94336,18-Sep-16
2580,70443.79777,20-Nov-03
352,93729.04289,11-Nov-17
1380,58994.05306,18-Mar-20
859,53529.82617,30-Sep-14
2293,103666.5623,22-Mar-18
155,117094.5541,15-Aug-20
1790,44674.76796,24-Jan-13
3289,104917.1675,06-Feb-14
3432,112432.7291,21-Jul-09
1119,56825.51238,07-Aug-12
1057,48953.1687,30-Nov-02
178,84945.84467,21-Nov-11
494,90895.33257,07-Feb-06
253,60543.1971,11-Apr-00
2606,59823.8051,28-Sep-13
2552,49214.77583,21-Sep-02
285,85127.43497,21-Jul-09
1233,54373.23381,06-Oct-06
1255,95603.64653,09-Apr-03
878,80073.91094,30-Aug-01
1242,85242.91861,03-Mar-14
2445,45284.34031,20-Jan-04
3327,50750.42078,07-Sep-19
977,59042.7759,11-Jun-19
2677,49583.59819,19-Oct-06
2895,50492.49214,06-Jun-13
818,98984.58585,01-Jul-19
3460,55617.37759,17-Feb-18
2414,77935.2441,18-Jul-00
2069,59355.44158,06-Aug-05
1217,99563.70668,01-Sep-00
2792,83332.3467,10-Jan-17
1625,78512.00141,03-Jun-06
972,114196.0087,15-Aug-17
2459,58540.94017,07-Jan-12
677,50043.1552,20-Sep-03
3484,64382.56176,23-May-17
1056,52050.26214,04-Oct-17
1643,54328.25089,26-Nov-00
3432,54683.87703,17-Jun-10
1293,118929.8135,18-Jan-09
717,83818.38325,09-May-06
776,64834.31942,14-Oct-07
2266,62689.89384,04-Jan-18
2048,45290.6739,09-Oct-07
3366,68519.85828,06-Apr-07
2611,47534.07639,18-Jun-13
241,87469.26628,14-Jan-12
1478,44242.96114,06-Aug-18
2723,88856.86796,26-Dec-11
1331,107923.4899,08-Jul-11
1493,43128.40726,20-May-07
1080,69480.41079,09-Dec-03
1934,59978.64295,24-Mar-01
2188,40908.56261,05-Oct-09
1162,80919.66934,10-Apr-20
160,79464.38085,11-Feb-03
3197,117568.6934,18-Mar-12
3071,66116.64086,18-Apr-06
184,54863.10683,17-Jun-13
3192,107634.7557,19-Jun-11
2257,48616.02576,14-Jan-14
505,93706.4501,29-Dec-02
1703,69962.00736,19-Jun-10
2636,72345.19211,05-May-01
1863,43590.52376,26-Mar-02
1441,51549.63623,11-Nov-16
3197,57362.56586,07-Jul-13
1414,69839.48971,05-Jul-03
3096,111658.3365,21-Jan-12
2919,80587.35233,24-Oct-10
30,77778.66785,10-Feb-18
1220,73286.31999,26-Mar-18
1972,94085.72017,03-Jun-20
3022,83523.09702,22-Apr-02
2228,87571.28755,26-Aug-14
969,112296.511,22-Aug-09
2008,45499.3226,18-Aug-07
2010,94571.70055,28-Apr-10
1418,72143.17147,24-Jul-10
2011,50674.3843,21-Jul-14
3396,52873.60437,15-Jan-17
2995,113275.0298,29-Sep-18
2273,112973.3362,12-May-02
3277,65205.51341,13-Feb-09
2200,51897.22646,31-Aug-04
312,118051.5705,29-Jul-09
1793,52947.19031,26-Aug-16
3208,52591.72054,25-Aug-16
2409,85078.82708,14-Mar-12
2625,83947.53815,25-May-17
2458,114664.0404,25-Feb-17
1023,115058.7223,05-Jan-03
682,108631.709,15-Aug-00
2809,76646.42506,08-Jul-10
955,102334.8799,09-Apr-04
429,82487.75204,28-Apr-20
671,84749.03437,05-Mar-12
3476,99902.41312,14-Jan-08
2427,83299.11386,23-Aug-14
77,105583.9068,02-Jul-10
294,104150.2373,06-Sep-15
696,55015.74268,01-Oct-16
2211,89235.00917,02-Nov-03
2559,61754.26347,15-Oct-09
2164,56072.38997,17-Nov-04
25,77289.23361,23-Dec-14
1013,97277.63024,06-Apr-17
1773,79185.72328,07-Apr-13
488,104982.9805,03-Jun-11
3389,75778.1597,22-Jun-19
46,106842.5963,18-Jun-17
1242,51551.44981,24-Aug-12
3111,98760.41345,28-Mar-07
1894,57885.8995,21-May-14
3045,88813.25491,09-Dec-02
1171,77767.98782,20-Jun-09
789,85932.87719,28-Sep-06
2235,100074.7103,22-Mar-12
1585,108432.5285,18-Jul-01
1618,117488.7065,13-Oct-15
1609,100198.6999,02-May-06
2715,74490.23802,21-Apr-18
2179,104625.3278,09-Jan-12
1075,65173.67399,19-Dec-06
517,49771.4487,10-Sep-18
1966,91224.36121,22-Apr-12
1127,53998.58612,31-Jul-04
2080,114531.4056,24-Aug-04
2603,85349.4291,16-Oct-13
951,88671.25987,04-Sep-03
2388,48952.61854,29-Feb-08
1157,74438.96359,24-Dec-05
265,102900.922,30-Jul-02
2810,99250.25615,26-Aug-00
2944,95137.43381,27-Mar-10
716,81388.79501,19-Aug-08
2498,91504.76196,17-Aug-17
1407,87831.82643,26-Sep-18
3240,118598.5477,23-Aug-02
909,54561.86614,09-Sep-18
2667,72082.16499,15-Jan-09
587,69257.08807,22-Feb-05
1627,53616.07646,30-Mar-07
1260,118041.5189,31-Jul-11
1893,113201.9883,01-Dec-18
1097,115165.2678,20-Jan-00
3298,116574.2639,07-Jul-17
107,57619.82008,22-Jan-12
2079,90432.74236,02-Jan-15
988,47671.78466,12-Jan-05
2763,66466.07998,24-Feb-05
3330,63080.25187,19-Dec-10
621,64784.38957,10-Sep-09
186,115978.7774,14-Mar-01
2411,78938.19653,15-Mar-06
2363,72435.77143,26-Jun-05
2955,49978.35204,02-Jul-20
1037,104058.1524,10-Oct-05
819,54961.27199,30-Nov-20
374,95200.09195,23-Jun-10
727,92946.48809,23-Dec-00
92,105569.542,23-Nov-17
2903,73876.3607,11-Feb-17
3158,44817.50597,03-Aug-17
3387,105439.9631,13-Apr-13
2182,115448.1703,03-Jul-02
1997,94280.44818,05-Mar-01
2590,70285.33428,31-Jan-01
500,78702.91696,05-Mar-07
3077,106955.0115,26-Dec-08
1145,91722.93269,20-Dec-20
1869,60179.39886,23-Oct-17
1116,51536.38595,27-Dec-17
1237,99893.13898,07-Dec-16
3027,79199.96805,25-Apr-12
1859,111307.6748,18-Nov-11
417,75828.26692,07-Dec-09
959,46067.66025,20-Jan-07
1161,60482.59024,08-Feb-09
1221,83300.07777,30-Apr-02
1807,119990.1381,31-May-09
1903,117497.5254,25-May-08
3216,78880.49763,16-Mar-19
1372,68281.59994,19-Feb-02
1262,47608.00168,01-Apr-04
3215,62395.07125,14-Mar-02
40,63449.34735,13-Jan-17
2546,43746.38893,19-Sep-08
1811,80086.35826,21-Jun-18
94,70028.82583,26-Mar-06
2242,106067.2584,21-Aug-07
972,99189.35347,15-Feb-15
35,66320.18659,23-May-05
1034,110436.5122,02-Feb-13
3284,86131.85008,29-Nov-10
1077,111000.17,15-Sep-20
2870,99755.13521,30-Mar-06
1432,60028.71224,13-Mar-17
3384,92094.16373,29-Sep-06
812,100903.0376,17-Dec-01
1517,81517.96717,31-Jan-06
1670,77260.91366,30-Sep-02
458,117440.6984,22-May-14
3116,109306.3932,04-Oct-19
2753,57486.74145,13-Dec-00
3378,56386.39052,07-May-17
858,40726.77966,18-Nov-09
2674,40930.58343,29-Apr-08
3238,106115.8618,11-Feb-06
337,56697.0564,24-Jul-16
364,47839.86803,25-Oct-10
2262,62264.12416,30-Nov-16
526,116267.383,15-Mar-13
484,74383.56488,17-Aug-19
1378,73000.21735,21-Feb-08
1704,111378.3896,23-Mar-13
3213,115576.0734,02-May-05
650,105543.8563,09-Oct-00
349,107428.5482,25-Dec-18
1303,79652.23345,09-Oct-06
96,52281.37049,12-Sep-02
2961,40578.05094,13-Apr-02
1244,86174.73214,10-Feb-08
358,80223.37631,24-Jul-02
2494,93190.49915,25-Jan-03
221,82016.81404,06-Aug-00
1478,96978.9525,09-May-13
72,94789.34197,16-Oct-06
2088,91905.33497,04-Nov-07
1379,65729.63932,28-Feb-10
1409,65739.08003,09-Feb-12
3119,65386.71156,03-Aug-07
503,78609.24999,23-Feb-11
1291,83506.38668,25-Aug-05
1373,86532.42265,24-Feb-00
515,119594.3004,15-Feb-11
470,75483.31662,08-Aug-09
1288,84132.51474,30-Aug-16
937,45142.15381,22-Mar-07
1768,65576.35501,09-Jul-10
2661,83726.50944,12-May-16
3495,116585.2817,11-Aug-06
2117,89656.20216,26-Feb-05
2220,112199.6302,05-Oct-09
485,71430.92822,16-Jul-00
1404,71298.91125,18-May-17
2436,94732.14217,06-Aug-11
2868,118168.235,29-Jun-18
1576,94688.51416,23-Sep-17
2182,103725.1201,10-Feb-05
3306,107036.5888,15-Dec-10
2195,72359.3661,18-May-12
236,49459.65403,10-Sep-14
1730,59021.62276,26-Apr-01
1579,85333.31567,20-Mar-06
1375,100222.5506,03-Jan-19
2968,74893.18664,24-Oct-03
3378,104729.7311,28-Jun-10
1275,80972.58811,15-Sep-06
2202,103217.5863,12-Jan-06
1647,40046.25629,16-Feb-04
1320,100732.0193,08-Oct-01
160,90369.96265,09-Feb-18
2921,73394.15971,27-Dec-08
3451,54604.808,16-Nov-00
1965,78531.97561,09-Feb-18
396,114598.9068,31-May-01
1894,62310.84786,22-Aug-00
3358,110999.8155,25-Apr-12
2372,82081.58,04-Sep-17
656,107388.9444,03-Mar-10
3048,96962.61549,12-Jul-09
3269,104520.576,28-Mar-16
1762,91385.01721,12-Nov-11
225,94343.21262,11-Apr-03
2872,68888.70237,13-Apr-15
1554,84234.43829,07-Apr-03
172,79696.77432,05-Sep-16
1490,53074.79216,25-Feb-20
1080,91109.92804,26-May-06
2182,112066.7545,15-Apr-14
2639,59166.09768,29-Apr-18
1016,101529.4948,10-Oct-11
1535,42147.52011,26-Feb-19
2789,68861.585,29-Aug-15
2006,58195.77858,13-Aug-11
1287,95132.96331,28-Mar-18
3157,54201.57334,27-Apr-01
125,48472.28596,29-Apr-13
2411,108610.8355,08-Mar-01
1787,92214.19138,19-Jun-04
438,70424.49876,24-Jan-04
165,44097.87307,25-Nov-17
2850,56550.04457,20-Aug-11
788,65159.79091,11-Dec-20
3073,75273.99166,15-Sep-15
1761,48970.82356,08-Jan-15
3022,52801.56669,09-Apr-15
3197,60470.83247,04-Nov-13
1781,54769.3012,03-Nov-16
427,119534.0818,11-Jan-04
212,82228.87838,09-Feb-17
3203,40282.30174,09-Jul-14
211,49819.07016,24-Sep-04
650,46379.27242,06-Feb-20
301,46723.07885,19-Jul-04
2324,89483.10501,06-Aug-12
340,119305.8682,02-Feb-12
78,92897.0344,04-Jun-05
2851,101394.9752,10-May-20
3242,116176.0492,08-Aug-11
327,108586.8564,18-Aug-14
2231,65595.49957,22-Aug-07
2750,116204.6189,24-Sep-11
2682,57302.33711,02-Jan-18
1505,42749.56709,17-Mar-15
77,52852.08211,03-Aug-20
3361,92805.60601,02-May-20
2495,82909.33696,18-May-20
901,66170.83934,18-Feb-07
3137,49818.87014,09-Feb-10
3277,70961.37753,05-Aug-07
394,81692.34833,22-May-18
3328,113519.7197,20-Jul-00
3164,43069.94791,10-Nov-11
31,109826.5349,09-Oct-10
3474,66602.2405,27-May-08
871,118151.2023,10-Jul-02
396,92761.41982,20-Aug-14
2124,74745.64476,25-Nov-20
509,70510.16679,07-Dec-13
1456,104639.7527,10-Feb-13
295,71001.9153,10-Jul-04
688,110612.269,24-Jan-18
2635,65993.12148,28-Mar-18
1849,53648.03108,10-Jan-12
3401,115289.0304,29-Jul-07
374,48364.56289,21-Oct-00
282,77016.22459,20-May-01
1031,53162.43811,17-Jul-11
1604,108122.1108,16-Sep-13
2649,92820.84156,10-Aug-08
2539,109743.4562,01-Aug-17
549,84262.09324,09-Apr-05
879,86468.04582,03-Feb-00
284,42443.41237,14-May-19
3134,91331.0195,12-Nov-13
3273,67615.78019,12-May-14
3246,73864.61726,18-Apr-08
1818,115864.3477,12-Jul-06
215,92934.47106,17-Jul-20
3046,98611.62446,13-Jan-04
105,79527.2842,13-Jun-16
34,66367.81611,16-Feb-06
1119,80437.7249,18-Feb-02
1585,111713.6043,15-Jun-00
2924,110643.3473,10-Aug-04
1920,102016.2058,19-Aug-13
1146,68337.93413,10-Jun-17
2063,65351.15219,17-Jun-17
3458,116882.7585,26-Dec-19
2220,119494.6472,15-Dec-20
3258,68607.34662,05-May-20
3104,104184.0009,05-Mar-13
3440,118993.2001,20-Nov-18
3015,109734.8533,09-Sep-13
2949,109573.9646,22-Nov-03
710,68438.16858,29-Sep-03
227,86946.91676,16-Oct-13
328,74762.37507,23-Feb-12
1183,118421.9802,26-Feb-02
1019,81769.89387,26-Nov-04
3368,94981.38403,15-Mar-19
3078,117394.6304,03-Dec-18
1538,109236.3464,28-Jun-09
2065,60406.87223,02-Jul-02
1862,60092.70376,14-May-02
64,108151.9153,02-Feb-17
3356,112605.4255,27-Dec-13
3170,59529.23201,31-Dec-05
1584,54797.48723,07-Feb-15
1824,117480.3403,14-Apr-06
2556,99510.70054,30-Jun-10
2564,113063.7708,02-Feb-20
2037,89852.67992,31-May-14
3356,81224.93515,13-Jun-01
1221,55616.20044,21-Aug-14
3149,117276.0106,16-May-00
417,106086.8255,16-Oct-03
2103,97031.08063,30-Apr-10
686,95667.05804,28-Oct-08
2310,58202.56704,15-Jul-03
1243,45584.1166,04-Sep-17
1774,74706.77434,16-Jun-00
80,101204.9248,17-Nov-03
3132,78814.33342,09-Nov-19
863,75480.10092,26-Jul-11
1990,73074.09744,17-Oct-06
497,61998.43098,01-Oct-04
139,73759.14081,22-Nov-17
2998,84841.39246,25-May-12
2837,44087.22933,25-Jun-01
1467,97178.40862,27-Aug-16
1215,108423.5716,03-Oct-10
721,67129.6546,02-May-12
3092,59406.88164,06-Aug-09
1148,89123.05856,16-May-13
2747,47843.26529,16-Sep-07
1551,48916.91354,10-Dec-10
2725,74376.86905,19-Apr-01
3402,59650.1541,24-Oct-15
1351,96758.23184,23-Sep-06
231,65277.74751,18-May-12
1272,43313.44173,19-Aug-19
924,97828.74985,07-Jul-00
468,105538.0006,09-Jan-10
1029,80791.97199,09-Sep-05
1953,84096.79609,23-Mar-03
821,118623.7227,01-Jun-10
3428,64156.90215,21-Jan-08
1328,76317.80974,07-Jun-07
1607,85295.93311,10-Jan-14
2667,94815.79642,29-Mar-10
2521,106660.873,17-Feb-02
2050,80710.31504,13-May-04
865,51778.60851,13-Jul-06
3337,73997.71735,27-Feb-08
169,92804.26625,31-Oct-09
318,104918.6983,07-Dec-09
1061,81116.91312,28-Aug-11
2495,80072.02301,06-Oct-03
3234,76229.90816,22-Jul-01
3423,104218.6365,26-Feb-12
1757,107910.6248,05-Oct-07
1216,85175.22088,21-Sep-19
1004,73855.11971,25-Jan-10
2768,50067.58167,06-Aug-17
1614,68571.97027,01-Jul-16
3255,94987.02478,21-Aug-08
3190,98044.31729,13-Dec-12
947,105156.9614,21-May-16
1157,103274.8241,19-Mar-07
2188,117423.6234,24-Jul-01
1015,109911.8378,09-Aug-07
2006,82077.02382,27-Jul-18
829,83476.29733,08-Nov-09
1085,47481.0557,06-Apr-18
2761,45217.6673,09-Jun-15
3163,96495.61966,23-Jun-10
3396,113308.1509,16-Feb-16
760,118678.4504,29-Jun-09
1620,70027.94874,24-Mar-12
1989,83572.10639,30-Oct-20
271,63671.90076,24-Mar-19
1424,92656.09847,18-Aug-14
2160,64431.49017,28-Apr-09
1861,82297.13231,06-Sep-00
1641,71199.99608,08-Nov-12
140,47593.8432,05-Oct-13
1640,100599.4621,18-Dec-12
1825,90290.13775,10-Jun-10
2320,93527.33212,06-Jan-01
3153,95990.31711,17-Sep-04
2963,52215.15472,06-Sep-00
2366,62288.02886,26-Feb-08
423,116441.0863,17-Jun-14
155,107823.6113,07-Sep-07
2218,57755.38894,05-Sep-03
549,112356.6674,24-Nov-02
1407,56939.42812,12-Dec-07
1157,41853.7043,04-Jun-07
1577,110608.1521,28-Jun-12
1643,56605.37282,29-Jun-01
1725,54352.05009,03-Jun-09
1388,59482.86394,02-Dec-05
3277,60821.59793,21-Jun-14
30,45588.97028,08-Sep-01
838,63810.30048,23-Mar-05
3043,69976.24878,27-Jan-00
1448,78860.60047,03-Jan-09
3307,83829.47426,25-Jul-10
161,51461.62009,12-Nov-16
1673,76081.46309,23-Apr-09
1745,96102.66942,30-Aug-20
1712,117055.6281,31-Jan-02
2461,103798.3553,13-Jun-00
415,108509.5398,30-Nov-16
1002,106644.2906,15-Jan-17
795,94355.32087,20-Jan-02
2231,63960.09158,27-Dec-19
2773,114663.5485,15-Jan-00
2640,68226.84611,05-Aug-07
1817,104259.1167,03-Nov-03
3500,62100.312,17-Jan-06
2299,60888.64822,26-May-06
1051,60299.40185,23-Oct-17
415,48205.92349,31-Mar-11
1353,101445.1982,15-Jun-10
3036,72925.59229,23-Aug-02
1857,68912.03302,20-Dec-12
1678,63967.6442,21-Oct-11
2808,83842.00698,19-Jun-07
2950,78268.08491,07-Feb-02
1020,40745.13613,23-Nov-04
1583,109174.7762,24-Dec-05
2884,109140.443,16-Jan-18
2695,85894.89712,05-Feb-13
1206,73898.17285,21-Nov-09
2512,60853.02802,31-May-19
1711,62473.5432,24-Jul-05
3472,62943.84062,04-Aug-01
441,60183.65599,13-Apr-20
800,64847.31368,15-Apr-14
314,75731.58966,27-Jul-18
2921,60366.03419,11-Apr-07
946,96450.08855,25-Sep-03
1796,114630.9941,03-Dec-20
2963,59911.2431,10-Jun-11
85,98607.19949,14-Jul-07
3188,61101.1964,14-Aug-11
885,43764.0997,23-Aug-04
2042,118189.2332,16-Sep-08
2408,113883.6737,25-Jun-20
1943,43786.3533,27-Oct-00
189,65482.42766,02-Apr-14
428,41435.54412,19-Nov-06
251,111715.7253,14-Jul-15
198,66688.91065,06-Feb-04
1234,53385.92983,04-Aug-15
2698,100693.2576,09-Nov-07
2877,87799.09586,21-Jan-04
2895,101223.9647,05-Jun-17
2243,93887.04057,26-Aug-18
462,62404.17553,21-Apr-08
2927,94549.72302,08-Oct-18
876,102440.4734,15-Dec-10
2645,81542.83145,27-Nov-18
2221,97159.80661,11-Feb-06
2976,67688.40315,25-Jul-00
1889,97376.40673,25-Jan-18
3170,95983.54936,20-Oct-04
1219,83195.32899,24-Jul-13
1740,47587.10362,20-Nov-20
1608,63479.38715,21-Mar-16
3228,58145.17935,02-Mar-11
3257,69116.88127,22-Aug-14
2884,81159.37875,11-Oct-04
2971,101023.7561,02-Apr-14
483,77714.92332,23-Jun-14
1851,74630.24205,30-Jun-02
1601,49071.7044,27-Mar-15
1872,77299.72464,11-Aug-11
2,65622.69337,23-Oct-03
667,105908.8696,06-Jul-04
2013,52598.29078,03-Aug-07
3,110393.4883,17-Dec-06
556,66573.62037,31-Jan-09
2753,41759.41192,27-Dec-00
271,48097.86985,15-Jan-04
2906,112792.2688,19-Dec-14
1295,115034.8613,22-Aug-18
1997,106060.9713,16-Jul-04
2363,81879.24917,09-Feb-14
2051,50928.30827,27-Apr-14
3238,77147.95373,05-May-08
1510,113690.6778,06-Jan-14
1486,100900.3979,28-Feb-02
2422,107798.5711,01-Feb-05
2857,65915.11828,02-Feb-08
1020,46461.907,01-Sep-05
2383,93678.13515,11-Oct-18
1368,110025.6943,30-Apr-07
2819,109294.8592,09-Oct-01
2855,119154.9175,10-Sep-05
2328,70370.23119,06-Dec-11
420,110629.9327,03-May-06
2174,78236.69041,03-Dec-06
3405,104794.0871,06-Jun-08
3273,41564.01649,09-Jul-10
726,44516.10034,02-Oct-13
1368,81727.1189,14-Nov-15
2344,69700.74848,30-May-03
1240,61091.4383,10-Sep-05
2151,75830.28299,15-Oct-17
85,44140.99027,04-May-06
1629,114444.0162,05-Oct-20
3469,55265.09198,25-Jan-04
710,70190.60868,03-Jul-15
2706,67548.0636,19-Nov-06
1300,66636.74212,13-Aug-02
1023,90197.33503,23-Apr-08
1648,60483.37076,02-Dec-20
516,104476.4079,24-Sep-10
1115,92851.63479,15-Apr-12
831,53128.95747,29-Jan-08
318,68362.61283,19-Nov-20
3327,105782.3968,04-Oct-17
2790,115243.8956,30-Dec-12
1383,69627.05745,18-Jun-11
649,91982.49284,05-Dec-17
2806,113480.6822,13-Apr-04
3188,61189.35635,24-Sep-20
2991,47594.31381,09-Oct-20
2331,102843.7707,12-May-03
3013,102044.6353,02-Feb-02
926,97290.38287,25-Oct-19
3367,71061.43426,25-Nov-02
1145,56274.02427,23-Sep-01
2638,112550.7797,03-Apr-01
988,102314.6512,24-Nov-20
1113,82023.02553,24-Oct-18
1985,89552.41874,01-Oct-02
141,100824.4304,14-May-12
1300,110518.2836,13-Oct-11
338,88907.54832,21-Jul-00
3217,86356.84465,09-Sep-19
162,59774.98733,05-Nov-12
1416,49422.96823,19-Sep-19
2433,49323.53228,17-Dec-12
1583,60200.96228,28-Jan-05
2304,79762.15261,31-Jan-17
885,64182.4368,14-May-10
3334,54230.16054,07-May-08
1422,43960.55176,13-Sep-18
771,58026.65634,12-Jan-09
1699,59270.56514,18-Dec-20
2718,54114.73468,13-Apr-20
2708,85540.37922,27-Jan-07
2261,98395.22893,04-Feb-18
2116,79152.48792,24-Jul-11
2954,97265.29487,25-Jun-20
2189,55672.709,01-May-06
1125,69679.31406,25-Oct-00
420,79444.31412,15-Feb-05
2116,74886.6297,01-Oct-17
362,87594.19812,04-May-20
779,94868.86803,22-Nov-15
1041,78328.87362,28-Jan-00
1565,87277.04249,17-Nov-09
2445,108829.6809,13-Jan-13
391,62555.42975,02-Apr-19
2838,106829.1216,17-Mar-03
2878,80491.64759,22-Jul-03
2474,84529.34326,08-Dec-06
173,81972.81056,04-Jun-12
992,94465.00597,27-Aug-05
2509,45936.751,05-Feb-16
3122,59834.72519,19-Dec-11
12,102917.1357,30-Aug-00
3373,118070.976,18-Jan-08
224,91916.41082,22-Jun-13
1914,54776.26989,14-Mar-10
526,80710.46435,12-Apr-00
2454,98170.65171,22-Jan-18
1222,40730.56319,06-Feb-10
2880,100101.8119,03-Feb-03
2197,56930.1021,14-Mar-11
2064,102759.4375,08-Mar-08
2605,109984.7349,09-Nov-08
1910,57215.56933,31-Jul-05
1788,44336.83266,17-Jun-15
3248,97704.48493,21-Jan-02
2905,72827.76341,21-Oct-11
3034,40456.3772,24-Aug-05
571,49432.92881,25-Jun-04
93,87877.46783,07-Jan-12
3054,75821.97346,12-Jun-14
1207,101297.3306,16-Dec-13
3266,58156.10574,12-May-00
864,64722.2875,15-Aug-03
251,51306.8827,01-Jan-07
1450,67310.7565,06-Jun-17
670,70900.4128,28-Jun-19
2001,111429.0582,09-May-11
2410,66823.51669,12-Jun-08
3075,50191.33667,08-May-10
2366,76657.00406,25-Feb-00
2199,79860.87592,02-Jul-02
3246,52083.31501,09-Oct-11
3415,107003.5481,19-Oct-19
663,107748.7869,14-Aug-04
2287,114536.8875,23-Jun-20
3414,106715.9591,29-Apr-08
524,52218.82293,05-Feb-04
693,96999.35947,08-Jan-13
274,58134.26081,21-Nov-01
350,83449.54251,07-Mar-09
1714,66463.33747,19-Apr-02
1998,77088.21697,05-May-03
1883,85412.42366,14-Dec-19
1371,99731.94106,15-Sep-12
1576,77121.4296,25-Sep-01
3043,118639.5645,27-Nov-04
98,57470.34651,18-Apr-16
502,54963.86811,23-Mar-10
330,91980.70481,18-Feb-09
509,80935.60167,23-Feb-11
14,110474.2297,05-May-14
1363,88319.62747,29-Dec-01
160,90292.62123,14-Feb-01
3400,91854.87928,19-Sep-05
687,77028.41521,26-Feb-08
3462,63403.09932,25-Mar-13
2646,114428.5092,22-Apr-17
2984,52480.81111,14-Jun-16
1553,48930.54578,28-Jun-16
3033,103977.6492,08-Feb-13
1021,104796.467,26-Nov-01
3159,99821.81399,01-Apr-01
1541,82200.96888,23-Dec-06
2953,98672.2686,23-Feb-17
2612,78220.43646,24-Feb-19
700,104346.5254,08-May-18
219,106428.3992,13-Sep-00
2573,57594.77721,17-Dec-09
457,62502.18379,04-Sep-08
200,60746.61771,22-Aug-02
3300,101590.9611,23-Jan-14
2801,110782.0293,29-Jul-17
2911,79347.48504,09-Aug-07
69,73154.35406,16-Jul-19
3295,65889.98604,05-Sep-17
359,64971.64597,02-Oct-16
2290,70962.9926,12-Jan-11
1518,75871.21204,10-Apr-09
1616,64053.94223,10-Feb-15
2668,65659.78028,14-Oct-16
1538,84783.43576,19-Aug-06
201,106881.4164,24-Apr-16
1118,74624.7015,27-Jul-09
1035,96120.2299,07-Aug-03
1343,68473.22281,08-Apr-07
1648,68685.89133,10-May-18
2692,76398.19636,26-Jun-19
1859,87495.59037,13-Mar-15
2641,115327.8492,12-Aug-00
313,82444.69603,12-Jul-06
794,73260.95947,14-Sep-20
1996,81839.47462,15-Sep-00
1959,93675.35792,21-Aug-03
3236,117939.6469,03-Sep-19
1666,78421.54175,24-Oct-03
1664,100814.3221,20-Sep-10
3110,68742.25183,15-Apr-18
1849,58992.12367,10-Nov-05
597,76562.07626,25-Jan-18
3189,89216.53724,07-Sep-15
806,108140.9207,11-Apr-08
938,87974.83563,29-Mar-19
1417,100555.6705,28-Jun-04
1887,93797.79685,02-Jul-00
1530,81659.60798,03-Apr-19
1702,63326.06492,22-May-09
1363,62546.22273,14-Oct-02
787,86390.35119,29-Jan-14
578,59828.82273,18-Mar-04
1697,54489.68141,08-May-00
2989,104312.6377,07-May-08
2407,107606.8844,13-Jul-11
1658,113253.7067,20-Nov-17
1065,88674.65237,20-Sep-09
1957,71967.69919,01-Jul-03
107,115230.881,17-Dec-10
1547,79003.81494,16-Jan-11
1460,97964.17613,21-Nov-13
2048,83993.42929,02-Nov-09
1298,99179.07663,28-Oct-06
1509,50154.72473,11-Feb-03
781,63020.57529,18-Aug-20
2633,94407.80311,24-Dec-20
1701,94286.35272,02-Aug-20
1625,97831.85686,23-Feb-00
1416,60766.78604,01-Dec-12
1192,40299.25378,03-Oct-10
2221,44123.99088,25-Jun-04
2743,113427.1143,23-Dec-01
2284,54623.92739,15-Nov-07
2667,89084.15136,08-Feb-15
1862,96612.95979,20-May-18
213,76051.78753,23-Jul-19
409,113582.5552,18-Jan-19
975,58882.89376,06-Feb-05
1004,65693.71568,05-Jul-11
1536,83022.60372,16-Dec-20
1749,61028.36345,23-Sep-10
3016,94281.63,04-May-16
543,106860.4189,19-Apr-01
3324,88403.69857,09-Jun-19
427,71194.8347,11-Sep-02
1774,44883.95889,31-Mar-06
2922,100235.4667,13-May-08
3494,110901.3484,26-Apr-11
242,119271.6713,16-Sep-02
2134,69667.27754,05-Feb-07
787,57645.39652,04-Dec-16
1859,76950.82425,21-Nov-00
2207,75076.40851,11-May-06
20,94564.51965,10-May-15
366,50750.02285,12-Sep-05
220,64347.55167,30-Dec-14
2650,89817.54525,13-Sep-02
1085,107087.5559,29-Jun-03
1393,80869.54924,16-May-01
2294,113574.174,24-Apr-05
1816,54425.75943,23-Jul-07
1442,47748.19456,20-Jul-17
1945,94868.96035,28-Jul-01
1560,76643.21984,19-Apr-16
1551,53410.14933,28-Aug-03
2166,60417.41908,16-May-16
3424,84647.28951,01-May-18
829,87557.17045,16-Aug-09
2402,45218.0014,17-Apr-02
2610,90531.05044,06-Jan-01
3069,43980.83679,16-Aug-07
2665,75224.31237,30-Apr-05
1917,48472.46367,13-Aug-00
3456,81503.18708,21-Jun-16
11,58213.98111,20-Jun-03
1935,108492.5773,25-Jul-02
806,79393.63667,02-Dec-07
397,118664.1503,15-Nov-00
983,117552.486,05-Sep-11
1738,40174.21092,29-Apr-19
130,93686.92817,06-Mar-14
1562,78662.68386,19-May-17
3491,57057.92707,31-Aug-00
3252,103734.7891,07-Jan-08
1410,82669.9874,02-Mar-20
2536,106197.7487,04-Sep-02
1661,84913.94479,22-May-13
2125,117872.5117,27-May-14
3388,93224.92348,01-Sep-20
702,85864.42438,21-May-15
50,51511.27406,07-Jul-06
154,75553.47394,15-Feb-09
1396,81436.64969,12-Dec-09
1170,45287.31062,22-Nov-08
2479,116386.8699,10-Sep-11
3331,60193.83874,27-Jul-14
654,99796.06642,01-Feb-05
3006,109189.8029,01-Aug-06
2513,86777.12558,05-Jul-01
504,113122.4982,26-May-11
397,114862.1935,08-Apr-20
2840,91056.71243,19-Feb-09
1006,45872.01583,04-Nov-19
519,103220.1054,01-Apr-16
1085,104145.1479,17-Jul-06
1360,112917.7807,22-Oct-19
577,62801.97918,16-Apr-19
560,92085.51903,02-Nov-16
2681,88364.19915,27-Oct-03
114,99388.07304,18-Jul-03
2462,40850.09269,09-Dec-04
1925,80230.08186,16-Feb-15
933,78796.37923,15-Mar-07
1899,100336.224,11-Dec-02
2997,58673.02581,08-Dec-10
1366,95546.69541,24-Oct-15
662,80518.6719,10-Mar-20
249,42449.28,13-May-11
2498,95699.98214,07-Jul-14
1182,84762.7968,23-Dec-14
2456,112472.6366,20-Dec-10
1805,56372.3215,15-Apr-02
2616,106727.4876,18-Nov-09
3335,59164.02255,02-Dec-20
2378,56176.18303,25-Aug-07
2530,49359.28234,16-Jun-04
2657,76123.14976,01-May-20
1279,76229.81357,31-Dec-01
2544,59198.22011,29-Jul-18
715,112968.8446,07-Dec-20
344,95766.66765,16-Nov-02
1309,53238.22139,02-Aug-00
1341,59222.98211,18-May-12
3079,54991.85163,12-Oct-09
1193,112852.8688,12-Aug-14
2110,67131.80789,11-Sep-20
96,83880.73159,28-Oct-17
1097,74420.82417,18-Jun-19
1830,95613.81912,01-Feb-12
2992,76255.63837,13-Apr-13
3036,102607.6763,13-May-20
2356,60219.23196,18-Mar-19
1759,67084.95072,19-Dec-01
2443,56147.08457,16-Dec-09
1360,63659.94951,04-Oct-08
1136,55119.64049,28-Oct-10
2416,79223.3587,13-Feb-04
2235,68195.97282,28-Aug-02
2956,58044.80432,12-Sep-08
1741,57154.55182,04-Nov-09
2886,56002.61569,03-Feb-06
428,46456.27042,23-Mar-17
288,89742.71789,19-Oct-17
3015,85020.50502,06-Jan-17
2106,117034.243,18-Dec-07
465,93653.89935,21-Aug-03
266,81484.38306,12-Jul-00
1453,79285.48855,17-Jun-15
1881,79296.15764,16-Mar-05
531,40529.11486,25-Jun-03
3172,118433.9271,25-Jan-04
28,54437.05606,23-Sep-14
2415,73932.74553,26-Dec-07
3331,40505.66852,19-Apr-07
379,44954.9501,23-Feb-19
2928,81852.51096,24-Apr-10
3015,98229.90346,11-Aug-08
2003,96776.66228,06-Mar-20
257,43130.66888,24-Jan-01
605,103233.9321,29-Nov-13
3312,53490.52948,20-Feb-07
793,66189.71789,19-Mar-04
1545,78419.83838,08-Sep-18
2363,52403.74374,30-May-02
798,107328.8796,11-Mar-19
1783,56435.55596,17-Jan-03
3449,97296.85036,19-Oct-19
1480,57454.30129,25-Aug-11
3311,53223.42826,05-Sep-12
2216,77434.7033,27-Apr-14
910,95322.8939,25-Dec-17
2878,115094.2185,09-Aug-01
2077,79059.92773,22-Oct-03
685,56142.04055,19-Aug-15
744,79453.54457,12-May-11
2927,110618.9167,16-Aug-17
1705,99293.52758,17-May-06
598,111576.4472,26-Jan-03
3328,67037.10123,08-Jul-14
1998,66275.39802,14-Apr-15
1030,78389.81838,25-Jun-12
821,104110.9027,03-Jun-18
1823,66792.9437,13-Dec-09
2792,75487.5401,03-Jun-11
960,58571.72144,09-Jun-10
708,105018.9024,25-Feb-12
1704,60052.93414,09-Sep-20
3394,104345.4921,17-Jan-10
2184,45535.71973,17-Feb-11
2926,101417.2231,28-Jun-04
1740,52911.20162,23-Mar-00
2338,55095.66814,14-Jun-08
1413,65508.92879,20-Mar-02
1678,53262.18981,19-Nov-02
813,91363.93081,15-Jun-08
349,110233.1783,04-Jan-19
2969,92117.01936,27-Mar-16
902,89926.49273,23-Oct-13
1196,92375.06975,19-Sep-12
2883,45916.83174,31-Jul-01
3349,69226.69242,14-Oct-05
1793,41938.54436,27-Dec-00
572,89098.64088,10-Dec-00
524,53833.58173,30-May-19
3139,85107.94282,11-May-17
404,44647.57629,01-Nov-04
1357,60186.96747,06-Feb-08
747,51797.17165,24-Feb-10
2004,73255.36365,15-Dec-10
26,89923.1852,07-Jun-03
1268,98358.03806,20-May-05
2361,92767.15426,13-Oct-09
46,49575.28199,15-Aug-20
1943,43832.92686,21-Feb-14
1221,59647.83848,25-Sep-00
410,88007.54844,14-Feb-03
2478,60480.80261,19-Mar-13
3362,68475.84933,26-Dec-06
3419,66698.90935,21-Aug-12
1732,50451.8359,26-Mar-07
2879,104520.2267,30-Apr-08
2220,111342.8368,22-Nov-01
348,41304.8961,16-Jan-18
3164,77458.09262,12-Feb-10
2403,109893.7846,25-Dec-19
3128,51956.15437,04-Jun-19
1426,65178.42749,22-Jul-10
2277,82144.75058,07-Apr-08
2057,80285.67336,24-Jul-14
2411,99816.39576,05-Feb-01
1048,41731.58603,19-Aug-08
1832,88966.40533,21-Mar-10
3261,52491.64271,14-Apr-04
2514,79564.45602,27-Mar-16
2495,104446.3458,11-Sep-11
2814,57506.0558,18-Mar-03
3039,107443.102,01-Dec-03
2103,97152.29528,13-Jul-19
3464,96071.14727,18-Sep-02
1957,99973.1012,08-May-12
1410,113925.5943,13-Oct-02
3362,74094.97537,09-Nov-02
622,56428.92227,09-Jan-13
188,98421.87844,13-Nov-18
2448,103599.5734,01-Nov-05
951,91483.39373,25-Mar-06
484,73136.59442,17-Oct-04
1004,44349.20565,01-Jul-10
3005,71823.26568,22-Feb-17
1248,114951.3161,19-Apr-20
1971,98208.41834,16-Jun-15
2749,55387.73102,31-Aug-08
1581,45469.53622,08-Mar-05
24,102835.0928,27-Mar-12
2230,94900.07049,25-Feb-14
2656,60671.93293,30-Dec-09
2125,106484.8536,07-Feb-10
2513,117463.7599,20-Jul-00
1634,40762.12632,14-Jul-08
1060,116298.3051,27-Mar-20
2881,118121.3003,05-Apr-15
2422,62748.40498,02-Oct-18
1501,90789.35583,12-Jan-04
2113,94214.63556,29-Sep-14
3408,71245.61846,25-May-12
1323,54840.00927,27-Jan-11
1964,44316.97913,18-Oct-11
954,112574.4157,01-Sep-04
1390,96563.93869,21-May-15
991,80769.65068,05-Jun-01
2162,59798.80252,10-May-02
1857,64302.18208,29-Nov-14
352,66552.69176,15-Feb-16
1387,83562.58622,21-Oct-19
2745,47895.83091,16-Jun-00
430,109279.6379,13-Oct-01
3278,114353.863,15-Apr-16
2513,47937.27028,08-Jul-09
1539,93782.15615,17-Jul-11
1125,109353.6125,20-May-02
123,58183.25578,30-Sep-02
1285,114414.4688,16-Oct-08
3314,86163.16522,06-Oct-20
292,62286.92214,14-Jun-19
151,90816.00937,30-Jan-06
3024,55111.56174,28-Oct-13
780,56510.4813,14-Aug-02
705,68222.56587,21-Jun-17
1683,48834.3643,16-Sep-07
2820,67336.25715,19-Dec-02
29,67569.88894,08-Oct-12
1884,72471.82442,17-Jun-11
2670,119854.0119,30-Nov-19
3014,82986.59916,26-Jan-00
1822,99804.88957,11-Jul-15
338,99839.26609,17-Feb-10
624,81626.65381,07-Dec-07
2331,74432.57269,29-Jan-06
1020,96967.40606,20-Aug-14
1204,94980.32856,18-Sep-20
98,102788.0484,02-Mar-17
1480,45572.58812,12-Aug-03
3223,54616.51988,04-Nov-00
288,83739.21565,31-Mar-06
802,76014.23361,04-Oct-01
2348,112711.3333,23-Jul-12
2725,50169.68219,06-Nov-14
318,68378.93136,04-Nov-19
152,118729.4164,15-Jan-16
1408,71718.05252,04-Mar-16
203,53277.14959,29-Aug-04
252,41620.40634,14-Mar-17
2357,51976.59044,12-Dec-15
2869,69290.23982,07-Sep-06
1013,49580.74867,12-Oct-16
2569,71877.98187,14-Apr-05
1722,50243.23627,01-Oct-15
2681,95118.55945,24-Aug-02
2061,81398.29131,15-Dec-06
641,83683.15214,14-Nov-05
1795,86302.80454,14-Oct-18
2937,60375.19063,15-Mar-06
2191,99757.33885,21-May-10
2006,51983.48027,14-Oct-16
1033,88543.9843,02-Dec-13
2514,68636.69022,03-Mar-02
3084,118707.4996,09-Jul-18
2512,59028.10799,30-Oct-04
246,86113.55664,24-Nov-12
2632,87835.37538,12-Dec-16
306,86575.92936,03-Nov-19
1090,46150.97248,13-Apr-07
70,94801.85286,09-Jan-08
1387,118903.0709,17-Aug-05
2392,63695.99681,14-Feb-10
2657,61505.25784,22-Feb-07
3364,67302.62368,07-Jun-00
325,83569.52291,30-Jul-01
2172,114767.0368,04-Jan-01
3101,43747.15153,17-Aug-16
2746,113988.4312,27-Jul-18
3168,69625.5561,10-Aug-18
3385,103415.0889,16-Jul-11
1369,82438.84437,30-May-17
1266,92120.39775,02-Nov-04
638,40423.27668,08-Nov-00
1318,116600.7408,01-Sep-12
2002,89689.88788,12-Dec-14
2688,43870.2322,22-Jul-06
3140,86503.9434,27-Aug-03
876,111283.2345,05-Oct-03
1274,73108.94669,17-Dec-05
164,65086.88889,13-May-12
992,93272.0683,19-Nov-07
3092,74819.28814,01-Aug-05
2196,84510.21113,04-Aug-10
206,66842.97417,11-Nov-16
3397,73830.72387,09-Jul-07
184,57898.64198,05-Sep-09
1892,47708.59764,02-May-14
3288,73271.64996,19-Apr-09
339,119477.0164,20-May-16
3126,84595.74975,26-May-16
135,59738.37364,07-Jul-16
561,91578.73453,13-Dec-05
1153,96932.67495,15-Jul-13
274,95173.14775,14-May-17
1271,82424.41349,26-Jul-09
1579,118660.484,04-Feb-15
2763,111871.6148,01-Jan-15
1409,50454.00236,20-Jul-03
315,100309.4145,09-Jun-13
1849,113457.1331,26-Feb-05
2717,50991.9336,09-Apr-01
1982,43241.11503,01-Sep-16
635,67238.11004,21-Nov-14
2026,50124.37999,02-Oct-11
2834,107188.0754,27-Dec-05
20,42280.03445,25-Mar-14
990,99285.83175,25-May-09
1277,115846.2607,22-Apr-18
3330,66410.10468,15-Aug-09
1820,95106.21082,11-Sep-06
3271,63944.3033,19-Apr-02
2924,65418.56762,18-Jan-06
1703,109759.4205,08-Apr-20
2280,65566.74253,16-Jan-03
2282,104836.2345,10-Jul-19
1970,49094.35496,09-Jan-13
3039,53156.36325,27-Dec-16
2388,54443.42595,18-Jul-15
3094,115598.9673,13-Aug-13
1741,46045.17705,29-Jan-15
414,75966.40341,12-Feb-20
1098,44389.59496,04-Mar-18
1524,71835.04963,02-Jan-09
2157,66485.55776,05-Mar-11
786,84504.31825,01-Dec-13
2420,44047.48361,07-Sep-19
2500,104048.768,07-Mar-11
2863,52079.42846,22-Sep-13
724,81812.31656,21-Apr-18
2387,94425.25035,08-Dec-00
2870,40310.21274,14-Nov-20
1593,75003.44364,27-May-07
1881,49841.54252,16-Jan-09
343,52157.7257,19-Aug-00
18,43419.06539,17-May-00
2005,72991.61444,26-Mar-11
762,45321.24589,25-Mar-00
1307,68774.72926,06-Jan-09
1927,62366.83434,05-Apr-02
2469,75403.53578,06-Apr-06
1376,55703.04589,25-Jul-17
1415,75701.61104,25-May-06
1681,106741.6387,25-Jun-00
1580,66377.86555,17-Jan-13
3450,93013.2757,13-Jun-19
2609,46080.94422,09-Oct-17
2874,83823.14361,09-Feb-18
1011,79849.69764,21-Dec-19
416,113404.2633,04-Apr-02
2225,53759.76663,04-Dec-19
369,109276.3159,13-May-16
1204,106608.9554,29-Jul-02
147,69154.07039,08-Jan-06
524,47573.05076,01-Dec-14
2251,54159.20688,06-Jan-04
13,93546.63289,27-Jul-00
1105,41473.84249,23-Jan-02
993,49974.97244,08-Feb-12
2851,98913.17095,22-Aug-20
3331,45608.30879,18-Oct-01
57,61931.51338,17-Nov-14
2932,49535.51052,12-Jun-17
21,93414.95532,08-May-04
19,96349.7854,13-Aug-00
1268,54795.48808,30-Jun-06
734,50787.12531,18-Jan-07
263,92694.88277,27-May-07
1806,75829.45172,16-Jun-00
2080,71542.47817,07-Nov-09
1426,100576.4176,15-Jul-02
1628,72936.82907,18-Apr-17
879,95542.68747,29-Jul-16
660,97617.94629,16-Jun-05
797,112982.2819,12-Nov-08
2349,119486.542,30-Oct-04
17,86930.514,18-Mar-12
1831,101489.2056,26-Oct-02
2984,74024.80988,26-Aug-04
2257,79146.53497,30-Nov-06
648,95350.78808,06-Oct-03
752,61910.27769,22-Mar-00
893,45088.37523,09-Jun-08
1801,53527.10016,10-Dec-14
2526,77476.19336,08-Jul-02
2342,93153.96035,22-Jul-06
1855,56879.60662,15-Dec-16
1142,45196.97565,04-Jun-13
217,44474.2792,17-Apr-16
2055,67989.28436,01-Jan-18
3179,112202.5331,24-Feb-03
1524,96955.41506,19-Sep-13
2377,74604.97939,20-Mar-06
2363,107610.5088,01-Mar-18
794,111927.6413,08-Feb-12
1584,48287.33707,24-Feb-16
279,41324.59832,02-Mar-15
3016,99714.86589,27-Feb-01
2800,101447.374,04-Jun-10
1107,86549.18732,10-Dec-08
2239,92375.90103,07-Nov-18
3150,42932.45133,19-Jun-18
179,115828.4039,16-Oct-17
3062,100431.2903,20-Apr-00
2900,99384.11609,12-Nov-12
730,109552.5487,10-Jul-11
420,102656.2533,17-May-05
2399,117282.859,21-May-09
3215,53586.00624,04-Dec-10
2992,60109.04795,25-Sep-04
1503,42100.56435,14-Feb-07
2532,102880.2276,10-Aug-09
1688,84717.36739,02-Dec-10
1567,57839.90629,24-Jun-10
173,43070.88062,11-Jul-01
2791,108548.067,09-Feb-12
1144,43559.06486,16-Aug-05
2965,60185.06942,25-Apr-13
1017,115359.1029,08-Jul-14
540,50404.88471,07-Oct-01
511,45437.80302,12-May-14
1881,106820.2016,19-Jul-14
1553,62223.03102,11-Nov-16
807,68558.82865,12-Feb-08
3025,111123.714,07-Mar-13
226,47146.14928,03-Jan-07
884,108824.1759,30-Dec-07
2014,118666.6491,16-Feb-01
1436,40011.07394,11-Jul-11
1789,101092.1329,18-Jun-11
1224,105684.942,24-Jul-18
1142,45746.19267,12-Jan-18
365,71284.77163,30-Mar-04
3039,108131.3064,05-Apr-07
548,103225.6802,08-Oct-19
327,75181.86552,23-Jul-06
2721,71781.20916,05-Aug-08
1845,79472.57937,25-Feb-03
155,65337.38193,31-Jan-16
1257,72247.91645,15-Aug-14
2855,101560.4398,14-Dec-08
100,81007.76428,16-Jun-11
2856,116178.2019,08-Nov-15
143,100765.5838,16-Jun-16
2682,105518.8676,14-May-14
544,86136.49377,31-Jan-08
825,63842.23698,24-Sep-19
528,88471.69122,11-Mar-09
2598,80625.50009,01-Jan-01
638,54385.70915,01-Mar-03
211,60494.26659,20-Mar-01
1695,68911.33033,15-Jul-17
667,43015.62679,25-Sep-17
139,108376.4348,18-Aug-16
3283,85612.88906,12-Jan-03
3453,43437.57076,30-Apr-15
1727,78422.811,16-Jan-17
404,115731.8775,14-Feb-00
2690,77552.06598,26-Oct-13
979,103695.184,22-Feb-03
1207,77787.5938,10-Aug-07
1081,86102.83817,15-May-08
3292,66925.05291,10-May-10
3045,48590.44763,21-Jul-15
972,45693.47969,05-Sep-07
2293,108490.0192,09-Oct-18
2073,117842.7942,02-Dec-05
2846,99485.44026,19-Sep-00
1025,88695.43568,07-Apr-14
690,42351.00612,24-Apr-06
1823,92499.32265,28-Nov-10
1227,99754.69962,11-May-10
3225,119572.722,25-Apr-00
1190,75987.00783,15-Sep-06
1635,109633.9561,01-Apr-09
651,75891.2474,07-Jul-18
1837,101669.913,07-Aug-19
2038,50593.18018,01-Nov-09
660,99608.90298,17-Dec-18
2936,86032.79012,20-May-12
2284,44560.68388,02-Oct-02
2279,104196.6171,08-Jan-01
1188,104840.7863,01-Oct-07
2833,90847.49671,21-May-15
3239,48781.62539,21-Nov-02
635,50920.78178,23-Aug-14
3190,65017.49798,22-Sep-06
383,59926.21314,17-Feb-15
2624,76363.80713,25-Dec-04
3066,78165.85039,24-Feb-05
2616,56143.3609,10-Oct-12
1666,53741.78307,02-Dec-09
2592,111187.2726,17-Aug-17
403,81633.29195,26-Oct-05
2741,84038.75545,28-Mar-03
1192,95374.20089,24-Apr-03
1619,64943.20506,12-Sep-10
775,88199.16558,07-Jun-00
2897,61471.53524,22-Apr-02
976,44003.93055,15-Oct-18
262,45000.67193,06-Jan-01
1841,97796.35963,11-Feb-18
3211,51283.21778,30-Jul-16
1794,91678.80753,22-Aug-10
3097,103685.4204,02-Jul-04
542,58825.73735,14-Dec-07
232,117965.3417,31-Dec-16
2957,41197.19394,27-Mar-05
1952,84581.505,24-Feb-09
209,49626.17336,23-Mar-08
369,52943.07645,21-May-20
958,92364.6056,05-Sep-05
22,96206.22202,28-Jun-02
825,94041.45964,20-Sep-19
2217,72947.02278,26-Jan-12
2573,75142.32419,24-Jan-06
1977,46561.47262,15-Jun-10
1818,88056.33688,12-Apr-02
2620,101626.9458,07-Jul-04
1092,89793.0016,13-Aug-07
2592,55272.4911,17-Jul-14
3257,94337.62389,30-Jan-20
40,91574.90693,29-Oct-07
1243,68862.73706,27-Jul-08
418,75966.99378,24-Sep-17
2974,84849.2994,03-Feb-04
1703,115079.1847,22-Nov-00
2430,62025.82419,14-Apr-18
1551,70711.09899,16-Apr-19
1860,70712.06475,31-May-16
3361,89504.49428,12-Mar-18
2582,102731.9352,14-Mar-11
2667,107442.714,02-Apr-02
2408,86916.92736,24-Sep-09
3179,76635.84339,10-Apr-14
1954,66934.2204,27-May-15
127,40537.52075,07-Nov-00
31,54444.8562,26-Sep-02
2549,81861.23004,19-Nov-19
1051,51937.8133,08-May-17
682,101654.4604,17-Sep-15
2616,81876.21122,02-Feb-19
3297,107830.9976,28-May-16
93,59131.82102,25-Jan-13
2387,52276.24754,25-Oct-14
2660,64204.36983,25-Dec-10
2287,45405.337,08-Mar-08
2863,95429.82196,02-Feb-08
3349,116715.6301,20-Sep-07
721,116325.5422,05-Aug-05
245,41631.0239,12-Jul-05
1731,119092.6368,10-Jan-05
3100,49685.35158,06-May-00
3167,60183.43616,16-Sep-03
3295,118391.6913,06-Aug-03
1065,60509.749,28-Apr-11
3163,71894.57786,21-Apr-00
1464,79114.82076,12-Jan-02
907,117957.9373,12-Dec-18
2867,83133.17567,04-Dec-07
204,84496.93767,04-Dec-03
2365,93247.23388,17-Apr-16
2426,116104.5725,15-Mar-20
1472,119977.2496,22-Jul-08
2389,99195.85526,06-Dec-10
2160,54209.67856,10-Sep-10
1997,57360.28272,28-Jan-09
3212,85774.78646,24-May-03
1074,91173.67187,10-Sep-20
1215,84303.18779,02-May-14
2217,75374.05032,09-May-08
1464,67929.01459,23-Nov-10
2485,109282.7488,18-Jul-05
1390,96806.37474,22-Aug-11
1281,61493.70839,04-Sep-06
2970,107884.095,31-May-17
1552,99205.56394,25-Jul-05
3150,40394.53474,03-Oct-14
323,119318.9781,26-Mar-20
3472,42040.0567,23-Feb-00
2546,75801.1086,04-Dec-10
413,90799.49839,18-Jul-15
2612,52111.03862,30-Sep-16
3350,86694.01342,22-Mar-14
2066,117984.5653,24-Sep-17
1400,112872.5366,05-Aug-07
2516,91900.72584,16-Apr-09
1213,48534.78127,10-May-05
3207,105301.7667,13-Jul-20
1093,51852.3168,05-Aug-06
2832,42585.32229,19-Dec-10
3411,103855.7715,28-Nov-20
973,97898.02618,10-Nov-03
1452,55935.02361,30-Apr-05
491,60851.18893,15-Oct-00
209,114581.43,31-Jul-12
2171,103983.1612,15-Dec-12
3064,79181.06649,11-Dec-11
2552,54849.56178,29-Nov-11
1056,48087.65234,21-Jan-13
999,110279.501,20-Nov-16
2285,60369.63519,31-Aug-18
1698,79880.68638,11-Jul-10
3041,65147.39766,02-Mar-14
1118,99782.60135,27-Sep-12
3217,119046.3742,24-Aug-06
2462,92420.05337,20-Jun-15
3220,70221.22937,25-Jul-17
617,85687.5412,10-Oct-20
2498,57117.99757,14-Oct-09
2298,51445.83769,07-Feb-08
742,85087.64612,28-May-06
2641,74353.62337,28-Oct-07
1048,75394.78314,05-Mar-09
1170,87113.19372,17-Feb-02
343,69261.02591,10-Jan-20
1471,43159.29113,30-Jun-06
999,101391.0977,14-Jun-09
481,88843.81794,16-Mar-15
2944,55107.12056,03-Oct-00
619,103626.5599,09-Feb-17
1216,43321.79336,24-Sep-01
2360,89436.36007,12-May-14
537,78392.27692,09-Aug-15
839,64473.23933,09-Jan-12
3319,71840.6239,12-Jun-03
2268,72784.67088,24-Oct-06
2492,75803.01196,25-Oct-16
1688,80125.30367,09-Jul-07
572,108254.503,12-May-14
1666,91925.38645,21-Feb-06
3472,55868.35058,10-Sep-03
2062,108012.0654,08-May-15
2843,115070.3825,19-Apr-16
2524,98185.85021,18-Dec-08
2372,113645.9721,09-Sep-00
2877,91366.99293,31-Jan-05
2685,44868.75946,12-Jun-17
2209,116188.2804,13-Aug-08
1374,49668.19318,05-Aug-08
2491,50927.50786,20-Jul-15
1270,49080.12939,04-Sep-11
1936,55618.7309,08-Apr-11
663,92814.63502,11-Nov-16
268,106986.4304,09-May-12
3179,67652.21918,23-Jul-15
3323,68792.32304,19-Oct-14
1727,91378.85846,28-Nov-17
2980,68507.35253,04-Nov-17
3375,109345.4396,26-Aug-13
2447,98699.90083,15-Oct-02
846,44298.59255,30-Jun-08
3082,58871.02419,18-Jan-12
627,89041.42824,19-May-04
74,68081.81129,06-May-20
327,118136.6826,16-Feb-07
3307,96069.15026,16-Sep-07
330,67894.92924,19-Mar-12
1443,81719.3539,09-Nov-00
568,46258.22391,28-Nov-19
223,108378.0468,26-Oct-06
931,66951.20292,13-Jan-05
418,107279.7433,28-Jul-18
3193,113727.4259,05-Dec-20
3298,82003.49503,24-Dec-14
3119,82615.26228,20-Nov-00
746,104116.5396,12-Jun-10
714,61494.29838,16-Jul-14
249,72167.88564,29-Jun-00
2803,105690.4712,24-Jan-03
1263,74761.80027,09-Feb-15
3120,92064.32758,07-Jul-02
651,113404.1396,24-May-00
3129,61759.18458,22-Mar-05
1666,97630.38751,21-Oct-15
188,88330.27217,31-Aug-15
2153,65338.77569,10-May-18
1125,40192.17466,15-Sep-14
2462,84843.59799,04-Jul-12
1457,108197.8606,20-Aug-15
2650,72125.15655,13-Jun-20
492,42095.02971,26-Oct-01
3220,52451.41313,18-Jun-04
3178,45470.70985,23-Nov-17
120,70835.60273,05-Mar-14
774,40579.4182,28-Jul-04
1889,86625.06358,01-Jan-02
3170,88616.43994,13-Oct-15
2205,96695.82979,16-Jul-20
1164,72942.85537,22-Dec-09
3211,117060.1837,20-Mar-02
3141,94358.07318,03-Feb-20
532,86311.94309,07-Jan-02
2792,91223.88229,19-May-05
2907,56957.6523,20-May-07
2303,107094.1777,29-Jan-12
581,83922.87746,30-Sep-15
706,57060.07764,13-Jun-13
1029,114065.5283,10-May-20
1552,119528.3886,01-Dec-11
2060,116688.128,03-Dec-11
843,68285.56086,24-Oct-11
1226,107088.0191,25-Jul-13
143,118706.4599,09-Nov-05
2617,93075.97671,17-Sep-12
1129,118230.9383,04-Dec-12
2774,116962.8628,26-Apr-06
1132,65295.67655,04-Mar-12
918,44401.18791,01-Jun-04
526,98896.35147,14-May-20
319,49666.67531,16-Jun-09
1281,86278.69589,04-Jan-06
1470,55100.58693,04-Apr-11
2919,57177.90637,22-Apr-10
286,51643.07738,12-Mar-20
2829,102891.0918,26-Nov-00
415,72967.41855,20-Apr-20
3348,69181.91835,21-Jan-11
3352,65376.27809,27-Nov-03
2396,42264.4754,29-Oct-12
3241,87361.53999,29-Jan-16
3243,115639.8654,04-Sep-20
955,66368.96251,13-May-19
1543,72295.03214,23-Nov-06
2758,46672.77287,30-Jul-17
1349,103039.0896,06-Jan-14
177,74886.82295,05-Jun-10
3074,88244.90702,18-Jun-02
2452,47819.38048,17-Dec-16
2325,107903.931,28-Nov-13
3013,64157.12405,25-Jul-03
1388,42519.66609,04-Jan-12
920,111879.2883,29-Dec-12
1384,109257.3538,28-Jan-02
462,101891.5631,16-Aug-09
3115,74413.11748,22-Jun-13
2026,104810.6747,03-Apr-09
912,77449.33866,21-Jan-02
2220,83406.57889,13-Jul-15
1440,88793.17173,10-Oct-19
2523,112368.1173,30-Oct-06
280,52923.38871,25-Apr-17
814,89453.07479,08-Dec-00
1067,51743.59028,07-Aug-18
2515,100759.5976,22-Apr-03
414,41214.90067,08-Jul-03
2481,60500.24655,02-Apr-13
3234,87427.39811,28-Dec-16
1859,49380.14294,29-Dec-11
2470,96121.63477,11-Jun-09
1697,113272.2811,11-Dec-15
3468,82625.97086,30-Sep-19
689,105184.9706,30-Mar-17
3423,99434.15049,15-Nov-15
716,113262.2827,30-Nov-07
552,100787.3475,19-Jan-09
3202,107045.5169,12-Jun-06
2586,71511.71317,01-Sep-16
1090,42626.33618,02-Feb-13
367,65948.53832,02-Oct-15
2930,68118.28424,19-May-00
1983,84248.05019,07-Sep-18
2691,86059.97963,25-Sep-17
306,63332.82841,11-Apr-19
2933,73734.584,19-Sep-12
3454,42195.6516,17-Jan-08
875,55529.9277,04-Jun-14
54,42716.47925,13-Oct-15
3286,118431.3874,26-Sep-19
420,66635.34483,26-Jun-20
688,73868.71682,30-Oct-12
2772,87117.86676,23-May-03
1875,58839.65011,24-Jun-07
2726,108080.2716,04-May-10
33,116474.5555,26-Jan-17
2502,75499.21249,31-May-02
2928,88119.07534,04-Feb-15
1820,116700.8811,22-Dec-07
1730,71216.4046,08-Jun-08
642,52044.65282,18-Sep-14
2476,50001.81671,02-Feb-15
685,87038.69563,21-Jan-07
1312,43580.07423,17-Nov-03
1595,89052.00564,21-Feb-09
1070,106774.8996,21-Oct-12
3404,53457.45043,18-Nov-12
1951,63826.89461,13-Mar-12
3289,90180.21566,07-May-03
882,95782.15841,29-Apr-12
1087,88960.70981,16-Apr-16
2413,55720.2797,01-Apr-01
2382,90435.55731,21-Mar-14
1744,100851.1673,06-May-18
3282,51821.79626,05-Sep-14
2701,95988.93046,27-Jun-01
3381,106103.2689,01-Apr-10
2069,62239.51643,09-Jun-15
2533,60118.62894,12-Jan-03
875,116842.4993,13-Sep-18
992,106975.4772,14-Nov-11
1671,103762.0507,04-Mar-20
2579,73451.47489,20-Apr-09
2131,54301.12974,04-Feb-06
341,44915.44044,22-May-10
806,40562.28096,18-Mar-12
660,55541.67354,10-Jun-02
1628,96995.37095,10-Feb-04
2521,73414.06361,13-Jul-12
449,40883.31484,23-Sep-10
2575,86814.26777,07-Sep-11
1176,93871.88858,02-May-15
1450,113894.6696,27-Jun-01
1280,77760.46502,28-Feb-15
147,108154.5253,27-Jan-14
1877,83348.00423,16-Apr-01
1752,44999.83615,18-Aug-16
2633,56557.11418,27-Oct-15
2426,78171.58069,31-Aug-03
594,108182.215,04-Aug-11
692,40907.49554,07-Feb-12
2861,108139.3485,05-Feb-04
3034,71073.39063,15-Jul-07
3385,62327.53013,31-Aug-12
3120,53030.4948,07-Mar-12
712,68211.23457,02-Jun-09
330,97738.86518,20-Jul-04
471,115820.186,05-Aug-06
801,105819.8366,16-Nov-12
2825,83505.17589,29-Oct-06
286,81287.79675,13-Oct-12
3397,79269.04172,30-May-14
363,51141.27806,26-Mar-13
1921,76756.58855,25-May-17
741,118795.6783,20-Feb-08
1490,67700.47447,30-Mar-02
3260,67643.87165,10-May-20
3238,116628.3879,18-Aug-04
575,94727.85851,29-Aug-09
252,72123.48837,15-Feb-10
112,73050.48292,27-Aug-00
3070,116451.0666,16-May-18
2406,86461.34176,14-Sep-11
3411,80051.82236,26-Mar-19
134,88878.46886,15-Sep-00
2500,112986.4353,20-Oct-05
1326,50671.3437,04-Mar-10
2982,64724.22246,21-May-02
2298,115787.0891,02-Feb-16
2916,85238.79811,07-May-14
749,78245.66808,01-Aug-05
3185,87059.87861,07-Mar-16
3153,105314.851,02-Nov-17
120,71485.42522,22-Mar-02
329,113820.9963,17-Sep-17
857,108917.1553,24-Apr-00
1727,67672.64209,02-Mar-06
91,63895.43413,09-Oct-14
1065,97379.27556,06-Jul-11
3172,79139.72307,22-Apr-16
1871,119169.473,30-Nov-03
1212,85238.6191,09-Jun-03
3346,109306.5112,10-Mar-17
1555,49268.71485,21-Nov-14
2171,96417.92617,20-Oct-14
1807,50753.24382,26-Dec-02
2089,91762.22735,07-Sep-12
2307,54859.47479,10-Jul-10
1878,43116.90543,22-Feb-06
57,50093.61532,07-Jul-05
1368,47786.9682,01-Jul-04
1919,94222.01775,23-Sep-07
3046,90301.03342,10-Apr-15
1237,90089.81618,16-Feb-14
2029,54202.80899,13-May-05
727,103102.367,09-Oct-10
1638,104996.4679,26-Sep-08
2997,82142.73225,23-May-12
835,110664.0465,03-Jul-06
869,45554.8787,22-Mar-10
3446,69897.73281,11-Aug-20
1700,98828.52165,26-Jul-10
2233,92611.59232,09-Feb-10
3298,42511.7255,11-Jan-11
3014,50855.1267,22-Jan-09
620,105830.8772,08-Mar-17
986,82167.68655,23-Aug-05
657,68350.78885,12-Feb-18
2592,106208.8503,17-Mar-16
1312,111512.7622,25-May-13
966,99039.41675,28-Jul-11
2582,99191.79062,11-Sep-02
827,100807.3399,27-Sep-10
3465,116759.2383,14-Jan-07
692,61636.45754,16-Jun-12
2931,79255.70721,15-Feb-19
280,97177.51533,25-Apr-18
238,44550.39946,28-Nov-04
2289,118016.6302,15-May-07
552,119780.1884,31-Jan-20
794,117662.592,09-Mar-08
2773,84211.63397,27-Jun-20
2224,55555.60643,12-Nov-05
2881,109958.8909,01-Oct-18
2429,53729.06731,06-Nov-04
1650,42988.85641,21-May-01
2268,92853.74077,10-Mar-10
2341,61453.79253,06-Sep-04
3471,75979.64148,01-Jan-09
2333,85358.99131,09-Oct-16
1855,71721.63061,17-May-18
3094,42997.32939,16-Jul-13
323,97286.55932,10-Nov-17
1705,42204.07699,11-Dec-07
1414,108674.4785,05-Apr-04
2637,83719.73137,01-Mar-20
2334,81348.82691,27-Mar-01
69,46219.61675,27-Jul-05
1878,107913.553,02-Nov-15
1077,107348.6294,23-May-07
3089,115526.1244,25-Mar-06
2966,114847.8655,28-Dec-06
1194,76470.36547,28-Jan-03
2321,75418.00396,26-Oct-02
2893,102573.2697,10-Oct-00
622,69917.15987,06-Jun-16
611,87831.27007,26-May-11
329,105084.091,25-Nov-12
336,79387.99652,14-Feb-11
3205,58255.01121,17-Jan-03
1447,55135.51934,05-Sep-12
1286,118958.6557,09-Dec-02
849,112540.9617,11-Jul-16
50,86368.45765,25-Nov-16
212,74469.11917,17-Dec-03
420,51278.86801,13-Jan-11
3013,72049.71005,16-Apr-11
1817,73083.98332,20-May-10
2439,98875.8299,05-Oct-01
580,52379.88325,19-Dec-13
2529,60387.5596,15-Feb-00
460,42916.92054,21-Aug-13
720,103963.4726,27-Dec-02
1217,75438.136,09-Sep-19
2451,116993.8359,29-Aug-19
1212,106736.222,18-Feb-20
2922,76935.16819,06-Feb-07
1552,82526.41644,15-Jan-15
3464,91449.16907,06-Jun-05
1337,56768.12047,21-Mar-02
777,40518.59817,04-May-14
1005,96393.827,02-Aug-05
2643,74365.61416,07-Sep-00
3367,63580.36649,17-Oct-17
3354,58864.15709,07-Jun-17
944,41361.49375,16-Sep-16
962,114485.7542,26-May-05
1304,41048.32678,29-Sep-20
3399,63891.25939,18-Nov-13
2746,104825.5677,19-May-00
540,83596.43678,29-Feb-12
1728,107723.4995,05-Jun-15
442,67561.59319,19-Oct-14
3295,86371.43337,21-Dec-13
590,104012.241,10-Mar-17
1455,74675.97741,05-Oct-07
2070,67074.88372,01-Oct-03
683,51406.06312,21-Jan-03
1682,103674.725,27-Jan-17
2259,114583.63,13-Aug-20
2214,82793.62074,25-May-13
1783,75179.6332,25-Feb-15
1467,113213.4173,25-Jan-08
2160,119536.3673,20-Jan-08
3384,48278.00914,28-Oct-12
1598,41329.94463,03-Mar-16
1332,50034.7541,02-Dec-05
315,50031.04598,02-Jun-02
2483,81033.72004,15-Jul-18
1696,72874.2359,26-Dec-13
2318,115595.5477,11-Jun-18
1615,57227.57997,15-May-05
2990,81217.52934,05-Jul-17
1939,62590.9334,09-Jan-02
268,64749.54075,06-Oct-00
2836,53691.04913,24-Nov-14
327,47068.76931,07-Mar-19
2107,58832.98183,18-Mar-10
1729,45918.32033,15-Sep-17
1964,78023.53825,19-Oct-13
1408,62557.50509,26-Jun-13
1017,118509.9296,04-Dec-04
133,92327.21422,04-Oct-20
2230,92784.32285,04-Sep-16
1761,97902.7734,31-Dec-10
2699,52779.20885,10-Dec-07
243,114353.1358,11-Mar-09
2391,105874.4915,21-Dec-18
1149,99606.20463,07-Aug-17
1476,110233.0784,16-Apr-19
3110,61677.8196,11-Jul-06
326,49529.83626,27-May-11
3246,98654.35744,05-Dec-00
214,103045.2345,25-Jan-20
2359,104420.3908,18-Apr-09
767,94619.40586,10-Dec-13
2698,45784.59124,16-Nov-16
3406,90109.68063,03-Nov-19
1663,72511.80944,21-Oct-16
115,46903.52251,05-Feb-20
3069,85219.17171,23-Feb-20
2320,48263.88337,11-Nov-06
3312,49668.94667,12-Mar-18
537,49984.64002,06-Sep-00
1182,99816.09282,12-Dec-13
3050,42961.88847,01-Apr-01
3396,51192.95438,21-Jun-07
1166,41286.4225,11-Feb-17
1967,83645.8324,19-Apr-08
318,58931.2812,23-May-18
819,105373.5552,10-Apr-14
2457,41378.98866,05-Jun-18
3010,97278.45627,06-Apr-16
3396,107845.2845,30-Jan-19
2623,52672.12581,22-Feb-08
90,95914.12664,09-Nov-18
2909,72749.19249,11-Feb-06
135,63174.06047,20-Nov-18
1420,69057.59534,30-Dec-02
3003,88600.17791,05-May-17
1801,57588.78329,30-Aug-06
1261,50958.83982,20-Oct-18
1509,92221.76728,09-Mar-14
1170,71323.46344,13-Jul-10
2843,67079.50394,11-Feb-13
2634,119341.9504,21-Nov-14
1832,41986.44022,17-Apr-06
3246,108650.6994,18-Apr-14
3205,71324.16672,09-May-14
1498,93458.46451,25-Jun-16
983,56915.82157,21-Mar-10
1585,85135.03815,02-Apr-01
194,71909.26127,04-Mar-09
2735,99453.56102,06-Mar-08
1380,43677.86131,17-Jan-09
1315,99193.51079,03-Oct-12
2410,88633.43016,20-Oct-12
532,115247.5486,03-Oct-03
486,86730.32853,19-Jun-18
2456,90019.16477,12-Oct-02
1515,105506.4407,22-Feb-05
1286,112059.9749,16-Sep-15
2382,70462.00127,20-Dec-01
3068,113955.4748,08-Sep-12
441,40451.73761,28-Jan-05
40,54808.84743,04-Jun-09
761,100070.9676,05-Aug-17
2653,83008.29227,23-Apr-20
2902,107212.8667,09-Feb-12
469,101476.6567,05-Sep-17
2249,57732.79468,10-Apr-08
1675,88199.55855,23-Nov-18
503,74860.76838,28-Apr-02
33,89468.30074,30-May-08
1012,72973.73894,05-Dec-16
2749,61351.64367,01-May-01
1270,108838.7375,23-May-13
2251,92822.03439,02-May-10
739,86422.39475,07-Jun-11
1147,114283.3942,31-Aug-12
1780,56853.28015,16-Aug-07
204,83222.0354,03-Aug-00
517,92791.61687,08-Sep-17
474,119081.9281,04-Aug-08
2378,97124.64197,07-Mar-04
3349,114516.1022,01-Jun-01
894,54765.52196,29-Jun-12
1210,74665.99705,28-Jul-01
2013,87132.1988,31-Aug-00
3120,63815.34555,28-Jan-13
501,103994.8497,09-Apr-07
204,60115.21796,20-Nov-18
2811,92430.44113,25-Oct-11
2388,109034.8764,05-Mar-13
862,67214.19832,11-Aug-13
149,87254.36792,01-Jun-18
2258,97763.28676,08-Apr-11
2510,106971.3546,11-Dec-12
2264,113700.2248,14-Aug-16
3225,80690.90446,30-Jul-20
1749,91651.28077,15-Oct-01
339,99302.09318,21-Sep-07
360,97991.5087,25-Sep-08
784,88397.68652,01-Apr-17
335,61015.90564,11-Dec-11
973,103688.2431,06-Oct-07
2821,87329.04466,06-May-20
1051,86453.03274,14-Aug-17
3296,97333.64346,31-Jan-12
1757,84984.79082,12-Jul-11
1413,89944.0714,28-Mar-15
2878,40230.41333,05-Apr-12
56,85792.55725,20-Jun-16
380,56135.81793,09-Dec-14
